make,model1
ACURA,CL
ACURA,CSX
ACURA,EL
ACURA,ILX
ACURA,INTEGRA
ACURA,MDX
ACURA,NSX
ACURA,RDX
ACURA,RL
ACURA,RLX
ACURA,RSX
ACURA,TL
ACURA,TLX
ACURA,TSX
ACURA,ZDX
ALFA ROMEO,
ALFA ROMEO,
ALFA ROMEO,
ALFA ROMEO,4C
ALFA ROMEO,8C
ALFA ROMEO,BRERA
ALFA ROMEO,GIULIETTA
ALFA ROMEO,GT
ALFA ROMEO,MITO
ALFA ROMEO,SPIDER
AM GENERAL,HUMMER
AMERICAN IRONHORSE,BANDERA
AMERICAN IRONHORSE,CLASSIC
AMERICAN IRONHORSE,JUDGE
AMERICAN IRONHORSE,LEGEND
AMERICAN IRONHORSE,LSC
AMERICAN IRONHORSE,OUTLAW
AMERICAN IRONHORSE,RANGER
AMERICAN IRONHORSE,SLAMMER
AMERICAN IRONHORSE,STALKER
AMERICAN IRONHORSE,TEJAS
AMERICAN IRONHORSE,TEXAS
AMERICAN IRONHORSE,THUNDER
AMERICAN LAFRANCE,ALF
AMERICAN LAFRANCE,CONDOR
APRILIA,ATLANTIC
APRILIA,CAPONORD
APRILIA,DORSODURO
APRILIA,ETV
APRILIA,MANA
APRILIA,MOJITO
APRILIA,PEGASO
APRILIA,RALLY
APRILIA,RS
APRILIA,RST1000
APRILIA,RSV
APRILIA,RSV4
APRILIA,RXV
APRILIA,SCARABEO
APRILIA,SHIVER
APRILIA,SL
APRILIA,SL1000
APRILIA,SMV
APRILIA,SPORTCITY
APRILIA,SR
APRILIA,SR50R
APRILIA,SXV
APRILIA,TUONO
ARCTIC CAT,
ARCTIC CAT,
ARCTIC CAT,
ARCTIC CAT,
ARCTIC CAT,
ARCTIC CAT,
ARCTIC CAT,
ARCTIC CAT,
ARCTIC CAT,
ARCTIC CAT,
ARCTIC CAT,
ARCTIC CAT,
ARCTIC CAT,
ARCTIC CAT,
ARCTIC CAT,
ARCTIC CAT,
ARCTIC CAT,1000I
ARCTIC CAT,425I
ARCTIC CAT,450I
ARCTIC CAT,4-STROKE
ARCTIC CAT,550I
ARCTIC CAT,700I
ARCTIC CAT,AC
ARCTIC CAT,BEARCAT
ARCTIC CAT,CFR
ARCTIC CAT,CROSSFIRE
ARCTIC CAT,DVX
ARCTIC CAT,F1000
ARCTIC CAT,F120
ARCTIC CAT,F5
ARCTIC CAT,F570
ARCTIC CAT,F6
ARCTIC CAT,F8
ARCTIC CAT,FIRECAT
ARCTIC CAT,JAGUAR
ARCTIC CAT,KING
ARCTIC CAT,LYNX
ARCTIC CAT,M
ARCTIC CAT,M1000
ARCTIC CAT,M5
ARCTIC CAT,M6
ARCTIC CAT,M7
ARCTIC CAT,M8
ARCTIC CAT,MOUNTAIN
ARCTIC CAT,MUDPRO
ARCTIC CAT,PANTERA
ARCTIC CAT,PANTHER
ARCTIC CAT,PROCLIMB
ARCTIC CAT,PROCROSS
ARCTIC CAT,PROWLER
ARCTIC CAT,SABERCAT
ARCTIC CAT,SBS
ARCTIC CAT,SNO
ARCTIC CAT,T500
ARCTIC CAT,T570
ARCTIC CAT,T660
ARCTIC CAT,TBX
ARCTIC CAT,THUNDERCAT
ARCTIC CAT,TRIPLE
ARCTIC CAT,TRV
ARCTIC CAT,TZ1
ARCTIC CAT,WILDCAT
ARCTIC CAT,XC
ARCTIC CAT,XF
ARCTIC CAT,Z
ARCTIC CAT,Z1
ARCTIC CAT,ZL
ARCTIC CAT,ZR
ARCTIC CAT,ZRT
ARGO,
ARGO,8X8
ARGO,AVENGER
ARGO,BIGFOOT
ARGO,CONQUEST
ARGO,FRONTIER
ARGO,JIM
ARGO,RESPONSE
ARGO,VANGUARD
ASTON MARTIN,DB7
ASTON MARTIN,DB9
ASTON MARTIN,DBS
ASTON MARTIN,RAPIDE
ASTON MARTIN,V12
ASTON MARTIN,V8
ASTON MARTIN,VANQUISH
ASTON MARTIN,VIRAGE
ATK,
ATK,
ATK,
ATK,
ATK,
ATK,
ATK,
ATK,
AUDI,A1
AUDI,A3
AUDI,A4
AUDI,A5
AUDI,A6
AUDI,A7
AUDI,A8
AUDI,ALLROAD
AUDI,Q3
AUDI,Q5
AUDI,Q7
AUDI,R8
AUDI,RS4
AUDI,RS5
AUDI,RS6
AUDI,RS7
AUDI,S3
AUDI,S4
AUDI,S5
AUDI,S6
AUDI,S7
AUDI,S8
AUDI,SQ5
AUDI,TT
AUTOCAR LLC.,XPEDITOR
AUTOCAR LLC.,XPERT
AVANTI,AVANTI
AVANTI,II
BENTLEY,ARNAGE
BENTLEY,AZURE
BENTLEY,BROOKLANDS
BENTLEY,CONTINENTAL
BENTLEY,MULSANNE
BERTONE,X-1/9
BETA,
BETA,
BETA,
BIG DOG,BOXER
BIG DOG,BULLDOG
BIG DOG,CHOPPER
BIG DOG,COYOTE
BIG DOG,HUSKY
BIG DOG,K-9
BIG DOG,MASTIFF
BIG DOG,MUTT
BIG DOG,PITBULL
BIG DOG,PRO
BIG DOG,RIDGEBACK
BIG DOG,VINTAGE
BIG DOG,WOLF
BIMOTA,SB8R
BLUE BIRD,ALL
BLUE BIRD,BB
BLUE BIRD,SHL
BLUE BIRD,TC2000
BLUE BIRD,WANDERLODGE
BMW,118I
BMW,120I
BMW,125I
BMW,128I
BMW,130I
BMW,135I
BMW,135IS
BMW,1SERIES
BMW,220I
BMW,228I
BMW,235I
BMW,320I
BMW,323I
BMW,325CI
BMW,325I
BMW,325XI
BMW,328D
BMW,328I
BMW,328XI
BMW,330CI
BMW,330I
BMW,330XI
BMW,335D
BMW,335I
BMW,335IS
BMW,335XI
BMW,428I
BMW,435I
BMW,520I
BMW,525I
BMW,525XI
BMW,528I
BMW,528XI
BMW,530I
BMW,530XI
BMW,535D
BMW,535I
BMW,535XI
BMW,540I
BMW,545I
BMW,550I
BMW,640I
BMW,645CI
BMW,650CI
BMW,650I
BMW,740I
BMW,740IL
BMW,740LD
BMW,740LI
BMW,745I
BMW,745LI
BMW,750I
BMW,750IL
BMW,750LI
BMW,760I
BMW,760LI
BMW,ACTIVEHYBRID
BMW,ALPINA
BMW,C600
BMW,C650GT
BMW,F650
BMW,F650CS
BMW,F650GS
BMW,F700GS
BMW,F800GS
BMW,F800GT
BMW,F800R
BMW,F800S
BMW,F800ST
BMW,G450X
BMW,G650
BMW,G650GS
BMW,HP2
BMW,HP4
BMW,I3
BMW,I8
BMW,K1200GT
BMW,K1200LT
BMW,K1200LTC
BMW,K1200LTI
BMW,K1200R
BMW,K1200RS
BMW,K1200S
BMW,K1300GT
BMW,K1300R
BMW,K1300S
BMW,K1600GT
BMW,K1600GTL
BMW,M135I
BMW,M235I
BMW,M3
BMW,M4
BMW,M5
BMW,M6
BMW,R
BMW,R1100RL
BMW,R1100RS
BMW,R1100RT
BMW,R1100S
BMW,R1100SA
BMW,R1150GS
BMW,R1150R
BMW,R1150RS
BMW,R1150RT
BMW,R1200C
BMW,R1200CL
BMW,R1200GS
BMW,R1200R
BMW,R1200RT
BMW,R1200S
BMW,R1200ST
BMW,R850R
BMW,RG1200GS
BMW,S1000R
BMW,S1000RR
BMW,X1
BMW,X3
BMW,X4
BMW,X5
BMW,X6
BMW,Z3
BMW,Z4
BMW,Z8
BOBCAT,
BOBCAT,
BOBCAT,
BOBCAT,
BOBCAT,
BOBCAT,
BOBCAT,2200G
BOBCAT,2200S
BOBCAT,2200SG
BOBCAT,3400XL
BOBCAT,TOOLCAT
BOMBARDIER,DS250
BOMBARDIER,DS50
BOMBARDIER,DS650
BOMBARDIER,DS90
BOMBARDIER,OUTLANDER
BOMBARDIER,QUEST
BOMBARDIER,RALLY
BOMBARDIER,TRAXTER
BUELL,1125CR
BUELL,1125R
BUELL,BLAST
BUELL,LIGHTNING
BUELL,M2
BUELL,M2L
BUELL,S3
BUELL,S3T
BUELL,X1
BUELL,X1W
BUELL,XB12R
BUELL,XB12S
BUELL,XB12SCG
BUELL,XB12SS
BUELL,XB12STT
BUELL,XB12X
BUELL,XB12XP
BUELL,XB12XT
BUELL,XB9R
BUELL,XB9S
BUELL,XB9SL
BUELL,XB9SX
BUGATTI,VEYRON
BUICK,ALLURE
BUICK,CENTURY
BUICK,ENCLAVE
BUICK,ENCORE
BUICK,LACROSSE
BUICK,LESABRE
BUICK,LUCERNE
BUICK,PARK
BUICK,RAINIER
BUICK,REGAL
BUICK,RENDEZVOUS
BUICK,TERRAZA
BUICK,VERANO
BUICK,WILDCAT
CADILLAC,ATS
CADILLAC,BLS
CADILLAC,CATERA
CADILLAC,CTS
CADILLAC,DEVILLE
CADILLAC,DTS
CADILLAC,ELDORADO
CADILLAC,ELR
CADILLAC,ESCALADE
CADILLAC,SEVILLE
CADILLAC,SRX
CADILLAC,STS
CADILLAC,XLR
CADILLAC,XTS
CAN-AM,COMMANDER
CAN-AM,DS
CAN-AM,MAVERICK
CAN-AM,OUTLANDER
CAN-AM,RALLY
CAN-AM,RENEGADE
CAN-AM,SPYDER
CANNONDALE,BLAZE
CANNONDALE,C440R
CANNONDALE,CANNIBAL
CANNONDALE,E440
CANNONDALE,E440A
CANNONDALE,E440R
CANNONDALE,FX400
CANNONDALE,GLAMIS
CANNONDALE,MOTO
CANNONDALE,MX400
CANNONDALE,S440
CANNONDALE,SPEED
CANNONDALE,X440
CHANCE COACH TRANSIT BUS,AH-28
CHANCE COACH TRANSIT BUS,CNG-28
CHEVROLET,ASTRA
CHEVROLET,ASTRO
CHEVROLET,AVALANCHE
CHEVROLET,AVEO
CHEVROLET,AVEO5
CHEVROLET,B7
CHEVROLET,BLAZER
CHEVROLET,C3500
CHEVROLET,C3500HD
CHEVROLET,C4500
CHEVROLET,C5500
CHEVROLET,C6500
CHEVROLET,C7500
CHEVROLET,CAMARO
CHEVROLET,CAPRICE
CHEVROLET,CAPTIVA
CHEVROLET,CAVALIER
CHEVROLET,CHEVY
CHEVROLET,CHEYENNE
CHEVROLET,CITY
CHEVROLET,CLASSIC
CHEVROLET,COBALT
CHEVROLET,COLORADO
CHEVROLET,CORSA
CHEVROLET,CORVETTE
CHEVROLET,CRUZE
CHEVROLET,EPICA
CHEVROLET,EQUINOX
CHEVROLET,EXPRESS
CHEVROLET,G30
CHEVROLET,HHR
CHEVROLET,IMPALA
CHEVROLET,LUMINA
CHEVROLET,LUV
CHEVROLET,MALIBU
CHEVROLET,MATIZ
CHEVROLET,MERIVA
CHEVROLET,METRO
CHEVROLET,MONTE
CHEVROLET,OPTRA
CHEVROLET,ORLANDO
CHEVROLET,P30
CHEVROLET,PRIZM
CHEVROLET,R25
CHEVROLET,S10
CHEVROLET,SILVERADO
CHEVROLET,SONIC
CHEVROLET,SONORA
CHEVROLET,SPARK
CHEVROLET,SS
CHEVROLET,SSR
CHEVROLET,SUBURBAN
CHEVROLET,T6500
CHEVROLET,T7500
CHEVROLET,TAHOE
CHEVROLET,TORNADO
CHEVROLET,TRACKER
CHEVROLET,TRAILBLAZER
CHEVROLET,TRAVERSE
CHEVROLET,TRAX
CHEVROLET,UPLANDER
CHEVROLET,VECTRA
CHEVROLET,VENTURE
CHEVROLET,VOLT
CHEVROLET,W3500
CHEVROLET,W4500
CHEVROLET,W5500
CHEVROLET,W5500HD
CHEVROLET,ZAFIRA
CHRYSLER,
CHRYSLER,
CHRYSLER,300C
CHRYSLER,300M
CHRYSLER,ASPEN
CHRYSLER,CIRRUS
CHRYSLER,CONCORDE
CHRYSLER,CROSSFIRE
CHRYSLER,GRAND
CHRYSLER,INTREPID
CHRYSLER,LHS
CHRYSLER,NEON
CHRYSLER,PACIFICA
CHRYSLER,PROWLER
CHRYSLER,PT
CHRYSLER,SEBRING
CHRYSLER,TOWN
CHRYSLER,VOYAGER
COBRA,CH2
COBRA,CM50
COBRA,CX50-JR
COBRA,CX50-OI
COBRA,CX50-SR
COBRA,CX65
COBRA,DC65
COBRA,ECX50
COBRA,ECX70
COBRA,KING
COBRA,P3
COBRA,PW3
CODA,SEDAN
COUNTRY COACH MOTORHOME,AFFINITY
COUNTRY COACH MOTORHOME,ALLURE
COUNTRY COACH MOTORHOME,INSPIRE
COUNTRY COACH MOTORHOME,INTRIGUE
COUNTRY COACH MOTORHOME,LEXA
COUNTRY COACH MOTORHOME,MAGNA
COUNTRY COACH MOTORHOME,TRIBUTE
CRANE CARRIER,CENTURION
CUB CADET,4X2
CUB CADET,4X4
CUB CADET,BIG
CUB CADET,VOLUNTEER
DAEWOO,LANOS
DAEWOO,LEGANZA
DAEWOO,NUBIRA
DODGE,ATOS
DODGE,ATTITUDE
DODGE,AVENGER
DODGE,CALIBER
DODGE,CARAVAN
DODGE,CHALLENGER
DODGE,CHARGER
DODGE,DAKOTA
DODGE,DART
DODGE,DURANGO
DODGE,GRAND
DODGE,H100
DODGE,I10
DODGE,INTREPID
DODGE,JOURNEY
DODGE,MAGNUM
DODGE,NEON
DODGE,NITRO
DODGE,RAM
DODGE,SPRINTER
DODGE,STRATUS
DODGE,SX
DODGE,VAN
DODGE,VERNA
DODGE,VIPER
DUCATI,
DUCATI,
DUCATI,
DUCATI,
DUCATI,
DUCATI,
DUCATI,
DUCATI,
DUCATI,
DUCATI,
DUCATI,
DUCATI,
DUCATI,
DUCATI,748R
DUCATI,748S
DUCATI,749R
DUCATI,749S
DUCATI,996R
DUCATI,996S
DUCATI,998R
DUCATI,998S
DUCATI,999R
DUCATI,999S
DUCATI,DESMOSEDICI
DUCATI,DIAVEL
DUCATI,GT1000
DUCATI,HYPERMOTARD
DUCATI,MH900E
DUCATI,MONSTER
DUCATI,MULTISTRADA
DUCATI,ST2
DUCATI,ST3
DUCATI,ST3S
DUCATI,ST4
DUCATI,ST4S
DUCATI,STREETFIGHTER
EL DORADO,AXESS
EL DORADO,ESCORT
EL DORADO,E-Z
EL DORADO,TRANSMARK
E-TON,AXL
E-TON,BEAMER
E-TON,DXL
E-TON,LIGHTNING
E-TON,MATRIX
E-TON,ROVER
E-TON,SIERRA
E-TON,SPORT
E-TON,TXL
E-TON,VECTOR
E-TON,VIPER
E-TON,YUKON
E-TON,YXL
FERRARI,
FERRARI,
FERRARI,
FERRARI,
FERRARI,
FERRARI,
FERRARI,
FERRARI,CALIFORNIA
FERRARI,ENZO
FERRARI,F12
FERRARI,F430
FERRARI,FF
FERRARI,LAFERRARI
FERRARI,SUPERAMERICA
FIAT,
FIAT,500L
FIAT,ALBEA
FIAT,DUCATO
FIAT,GRANDE
FIAT,PALIO
FIAT,PANDA
FIAT,STILO
FISKER,KARMA
FORD,C-MAX
FORD,COURIER
FORD,CROWN
FORD,E
FORD,E-150
FORD,E-250
FORD,E-350
FORD,E-450
FORD,E-550
FORD,ECONOLINE
FORD,ECOSPORT
FORD,EDGE
FORD,ESCAPE
FORD,ESCORT
FORD,EXCURSION
FORD,EXPEDITION
FORD,EXPLORER
FORD,F-100
FORD,F-150
FORD,F-250
FORD,F-350
FORD,F-450
FORD,F53
FORD,F-550
FORD,F650
FORD,F750
FORD,FIESTA
FORD,FIVE
FORD,FLEX
FORD,FOCUS
FORD,FREESTAR
FORD,FREESTYLE
FORD,FUSION
FORD,GRAND
FORD,GT
FORD,IKON
FORD,KA
FORD,LCF
FORD,LOBO
FORD,MONDEO
FORD,MUSTANG
FORD,POLICE
FORD,RANGER
FORD,SABLE
FORD,SPECIAL
FORD,TAURUS
FORD,THUNDERBIRD
FORD,TRANSIT
FORD,TRANSIT-150
FORD,TRANSIT-250
FORD,TRANSIT-350
FORD,WINDSTAR
FREIGHTLINER,108SD
FREIGHTLINER,114SD
FREIGHTLINER,ARGOSY
FREIGHTLINER,B2
FREIGHTLINER,BUSINESS
FREIGHTLINER,CASCADIA
FREIGHTLINER,CENTURY
FREIGHTLINER,CLASSIC
FREIGHTLINER,COLUMBIA
FREIGHTLINER,CONDOR
FREIGHTLINER,CORONADO
FREIGHTLINER,FC70
FREIGHTLINER,FC80
FREIGHTLINER,FL106
FREIGHTLINER,FL112
FREIGHTLINER,FL50
FREIGHTLINER,FL60
FREIGHTLINER,FL70
FREIGHTLINER,FL80
FREIGHTLINER,FS65
FREIGHTLINER,M2
FREIGHTLINER,MT35
FREIGHTLINER,MT45
FREIGHTLINER,MT55
FREIGHTLINER,SPRINTER
FREIGHTLINER,XC
GAS GAS,ENDUCROSS
GAS GAS,PAMPERA
GILLIG,LOW
GMC,ACADIA
GMC,B7
GMC,C3500
GMC,C3500HD
GMC,C4500
GMC,C5500
GMC,C6500
GMC,C7500
GMC,CANYON
GMC,ENVOY
GMC,JIMMY
GMC,SAFARI
GMC,SAVANA
GMC,SIERRA
GMC,SONOMA
GMC,T6500
GMC,T7500
GMC,TERRAIN
GMC,W3500
GMC,W4500
GMC,W5500
GMC,W5500HD
GMC,YUKON
HARLEY DAVIDSON,FLD
HARLEY DAVIDSON,FLHR
HARLEY DAVIDSON,FLHRC
HARLEY DAVIDSON,FLHRCI
HARLEY DAVIDSON,FLHRI
HARLEY DAVIDSON,FLHRS
HARLEY DAVIDSON,FLHRSE3
HARLEY DAVIDSON,FLHRSE4
HARLEY DAVIDSON,FLHRSE5
HARLEY DAVIDSON,FLHRSE6
HARLEY DAVIDSON,FLHRSEI
HARLEY DAVIDSON,FLHRSEI2
HARLEY DAVIDSON,FLHRSI
HARLEY DAVIDSON,FLHT
HARLEY DAVIDSON,FLHTC
HARLEY DAVIDSON,FLHTCI
HARLEY DAVIDSON,FLHTCSE
HARLEY DAVIDSON,FLHTCSE2
HARLEY DAVIDSON,FLHTCU
HARLEY DAVIDSON,FLHTCUI
HARLEY DAVIDSON,FLHTCUSE
HARLEY DAVIDSON,FLHTCUSE2
HARLEY DAVIDSON,FLHTCUSE3
HARLEY DAVIDSON,FLHTCUSE4
HARLEY DAVIDSON,FLHTCUSE5
HARLEY DAVIDSON,FLHTCUSE6
HARLEY DAVIDSON,FLHTCUSE7
HARLEY DAVIDSON,FLHTCUSE8
HARLEY DAVIDSON,FLHTCUTG
HARLEY DAVIDSON,FLHTI
HARLEY DAVIDSON,FLHTK
HARLEY DAVIDSON,FLHTKSE
HARLEY DAVIDSON,FLHX
HARLEY DAVIDSON,FLHXI
HARLEY DAVIDSON,FLHXS
HARLEY DAVIDSON,FLHXSE
HARLEY DAVIDSON,FLHXSE2
HARLEY DAVIDSON,FLHXSE3
HARLEY DAVIDSON,FLHXXX
HARLEY DAVIDSON,FLS
HARLEY DAVIDSON,FLST
HARLEY DAVIDSON,FLSTC
HARLEY DAVIDSON,FLSTCI
HARLEY DAVIDSON,FLSTF
HARLEY DAVIDSON,FLSTFB
HARLEY DAVIDSON,FLSTFI
HARLEY DAVIDSON,FLSTFSE
HARLEY DAVIDSON,FLSTFSE2
HARLEY DAVIDSON,FLSTI
HARLEY DAVIDSON,FLSTN
HARLEY DAVIDSON,FLSTNI
HARLEY DAVIDSON,FLSTNSE
HARLEY DAVIDSON,FLSTS
HARLEY DAVIDSON,FLSTSB
HARLEY DAVIDSON,FLSTSC
HARLEY DAVIDSON,FLSTSCI
HARLEY DAVIDSON,FLSTSE
HARLEY DAVIDSON,FLSTSE2
HARLEY DAVIDSON,FLSTSE3
HARLEY DAVIDSON,FLSTSI
HARLEY DAVIDSON,FLTR
HARLEY DAVIDSON,FLTRI
HARLEY DAVIDSON,FLTRSE3
HARLEY DAVIDSON,FLTRSEI2
HARLEY DAVIDSON,FLTRU
HARLEY DAVIDSON,FLTRUSE
HARLEY DAVIDSON,FLTRX
HARLEY DAVIDSON,FLTRXSE
HARLEY DAVIDSON,FLTRXSE2
HARLEY DAVIDSON,FXCW
HARLEY DAVIDSON,FXCWC
HARLEY DAVIDSON,FXD
HARLEY DAVIDSON,FXDB
HARLEY DAVIDSON,FXDBI
HARLEY DAVIDSON,FXDC
HARLEY DAVIDSON,FXDCI
HARLEY DAVIDSON,FXDF
HARLEY DAVIDSON,FXDFSE
HARLEY DAVIDSON,FXDFSE2
HARLEY DAVIDSON,FXDI
HARLEY DAVIDSON,FXDI35
HARLEY DAVIDSON,FXDL
HARLEY DAVIDSON,FXDLI
HARLEY DAVIDSON,FXDSE
HARLEY DAVIDSON,FXDSE2
HARLEY DAVIDSON,FXDWG
HARLEY DAVIDSON,FXDWG2
HARLEY DAVIDSON,FXDWG3
HARLEY DAVIDSON,FXDWGI
HARLEY DAVIDSON,FXDX
HARLEY DAVIDSON,FXDXI
HARLEY DAVIDSON,FXDXT
HARLEY DAVIDSON,FXS
HARLEY DAVIDSON,FXSB
HARLEY DAVIDSON,FXST
HARLEY DAVIDSON,FXSTB
HARLEY DAVIDSON,FXSTBI
HARLEY DAVIDSON,FXSTC
HARLEY DAVIDSON,FXSTD
HARLEY DAVIDSON,FXSTDI
HARLEY DAVIDSON,FXSTDSE
HARLEY DAVIDSON,FXSTDSE2
HARLEY DAVIDSON,FXSTI
HARLEY DAVIDSON,FXSTS
HARLEY DAVIDSON,FXSTSI
HARLEY DAVIDSON,FXSTSSE
HARLEY DAVIDSON,FXSTSSE2
HARLEY DAVIDSON,FXSTSSE3
HARLEY DAVIDSON,VRSCA
HARLEY DAVIDSON,VRSCAW
HARLEY DAVIDSON,VRSCB
HARLEY DAVIDSON,VRSCD
HARLEY DAVIDSON,VRSCDX
HARLEY DAVIDSON,VRSCF
HARLEY DAVIDSON,VRSCR
HARLEY DAVIDSON,VRSCSE
HARLEY DAVIDSON,VRSCSE2
HARLEY DAVIDSON,VRSCX
HARLEY DAVIDSON,VRXSE
HARLEY DAVIDSON,XG500
HARLEY DAVIDSON,XG750
HARLEY DAVIDSON,XL1200C
HARLEY DAVIDSON,XL1200L
HARLEY DAVIDSON,XL1200N
HARLEY DAVIDSON,XL1200R
HARLEY DAVIDSON,XL1200S
HARLEY DAVIDSON,XL1200T
HARLEY DAVIDSON,XL1200V
HARLEY DAVIDSON,XL1200X
HARLEY DAVIDSON,XL50
HARLEY DAVIDSON,XL883
HARLEY DAVIDSON,XL883C
HARLEY DAVIDSON,XL883L
HARLEY DAVIDSON,XL883N
HARLEY DAVIDSON,XL883R
HARLEY DAVIDSON,XLH1200
HARLEY DAVIDSON,XLH883
HARLEY DAVIDSON,XLH883HUG
HARLEY DAVIDSON,XR1200
HARLEY DAVIDSON,XR1200X
HINO,
HINO,
HINO,
HINO,
HINO,
HINO,
HINO,
HINO,
HINO,
HINO,195DC
HINO,195H
HINO,258ALP
HINO,258LP
HINO,268A
HINO,338CT
HINO,FA1517
HINO,FB1817
HINO,FD2220
HINO,FD2320
HINO,FE2620
HINO,FF3020
HINO,SG3320
HINO,SG3325
HM,CRE
HONDA,ACCORD
HONDA,AQUATRAX
HONDA,CB1000R
HONDA,CB1100
HONDA,CB250
HONDA,CB500F
HONDA,CB500X
HONDA,CB50R
HONDA,CB600F
HONDA,CB750
HONDA,CB900F
HONDA,CBF1000A
HONDA,CBR1000RR
HONDA,CBR1100XX
HONDA,CBR250R
HONDA,CBR500R
HONDA,CBR600F
HONDA,CBR600RR
HONDA,CBR650F
HONDA,CBR929RR
HONDA,CBR954RR
HONDA,CH80
HONDA,CHF50
HONDA,CHF50P
HONDA,CITY
HONDA,CIVIC
HONDA,CMX250C
HONDA,CN250
HONDA,CR125R
HONDA,CR250R
HONDA,CR500R
HONDA,CR80R
HONDA,CR80RB
HONDA,CR85R
HONDA,CR85RB
HONDA,CRF100F
HONDA,CRF110F
HONDA,CRF125F
HONDA,CRF125FB
HONDA,CRF150F
HONDA,CRF150R
HONDA,CRF230F
HONDA,CRF230L
HONDA,CRF230M
HONDA,CRF250L
HONDA,CRF250R
HONDA,CRF250X
HONDA,CRF450R
HONDA,CRF450X
HONDA,CRF50F
HONDA,CRF70F
HONDA,CRF80F
HONDA,CROSSTOUR
HONDA,CR-V
HONDA,CR-Z
HONDA,CTX1300
HONDA,CTX1300D
HONDA,CTX700
HONDA,CTX700N
HONDA,ELEMENT
HONDA,FIT
HONDA,FSC600
HONDA,FSC600A
HONDA,GL1500C/CD
HONDA,GL1500CF
HONDA,GL1800
HONDA,GL1800A
HONDA,GL1800HP
HONDA,GL1800HPN
HONDA,GL1800HPNA
HONDA,GL1800P
HONDA,GROM
HONDA,INSIGHT
HONDA,MUV700
HONDA,NC700J
HONDA,NC700X
HONDA,NCH50
HONDA,NHX110
HONDA,NPS50
HONDA,NPS50S
HONDA,NRX1800
HONDA,NSA700
HONDA,NSF100
HONDA,NSR50
HONDA,NSS
HONDA,NSS250
HONDA,NSS250A
HONDA,NSS250AS
HONDA,NSS250S
HONDA,NSS300
HONDA,NSS300A
HONDA,NT700V
HONDA,NT700VA
HONDA,ODYSSEY
HONDA,PASSPORT
HONDA,PCX125
HONDA,PCX150
HONDA,PILOT
HONDA,PRELUDE
HONDA,PS250
HONDA,RIDGELINE
HONDA,RVT1000R
HONDA,S2000
HONDA,SA50
HONDA,SA50P
HONDA,SH150I
HONDA,ST1100
HONDA,ST1300
HONDA,SXS500M2
HONDA,SXS700M2
HONDA,SXS700M4
HONDA,TRX250EX
HONDA,TRX250TE
HONDA,TRX250TM
HONDA,TRX250X
HONDA,TRX300EX
HONDA,TRX300X
HONDA,TRX350FE
HONDA,TRX350FM
HONDA,TRX350TE
HONDA,TRX350TM
HONDA,TRX400EX
HONDA,TRX400FA
HONDA,TRX400FGA
HONDA,TRX400FW
HONDA,TRX400X
HONDA,TRX420FA
HONDA,TRX420FA1
HONDA,TRX420FA2
HONDA,TRX420FE
HONDA,TRX420FE1
HONDA,TRX420FM
HONDA,TRX420FM1
HONDA,TRX420FM2
HONDA,TRX420FPA
HONDA,TRX420FPE
HONDA,TRX420FPM
HONDA,TRX420TE
HONDA,TRX420TE1
HONDA,TRX420TM
HONDA,TRX420TM1
HONDA,TRX450ER
HONDA,TRX450FE
HONDA,TRX450FM
HONDA,TRX450R
HONDA,TRX500FA
HONDA,TRX500FE
HONDA,TRX500FE1
HONDA,TRX500FE2
HONDA,TRX500FGA
HONDA,TRX500FM
HONDA,TRX500FM1
HONDA,TRX500FM2
HONDA,TRX500FPA
HONDA,TRX500FPE
HONDA,TRX500FPM
HONDA,TRX500TM
HONDA,TRX650FA
HONDA,TRX650FGA
HONDA,TRX680FA
HONDA,TRX680FGA
HONDA,TRX700XX
HONDA,TRX90
HONDA,TRX90EX
HONDA,TRX90X
HONDA,VF750C
HONDA,VFR1200F
HONDA,VFR800
HONDA,VFR800A
HONDA,VFR800D
HONDA,VT1100C
HONDA,VT1100C2
HONDA,VT1100C3
HONDA,VT1100T
HONDA,VT1300CR
HONDA,VT1300CRA
HONDA,VT1300CS
HONDA,VT1300CSA
HONDA,VT1300CT
HONDA,VT1300CTA
HONDA,VT13CX
HONDA,VT13CXA
HONDA,VT600C
HONDA,VT600CD
HONDA,VT750C
HONDA,VT750C/CD
HONDA,VT750C2
HONDA,VT750C2B
HONDA,VT750CA
HONDA,VT750DC
HONDA,VT750RS
HONDA,VTR1000
HONDA,VTX1300C
HONDA,VTX1300R
HONDA,VTX1300S
HONDA,VTX1300T
HONDA,VTX1800C
HONDA,VTX1800F
HONDA,VTX1800N
HONDA,VTX1800R
HONDA,VTX1800S
HONDA,VTX1800T
HONDA,XR100R
HONDA,XR200R
HONDA,XR250R
HONDA,XR400R
HONDA,XR50R
HONDA,XR650L
HONDA,XR650R
HONDA,XR70R
HONDA,XR80R
HUMMER,H1
HUMMER,H2
HUMMER,H3
HUMMER,H3T
HUSABERG,FC450
HUSABERG,FC470
HUSABERG,FC470E
HUSABERG,FC550
HUSABERG,FE250
HUSABERG,FE350
HUSABERG,FE390
HUSABERG,FE400E
HUSABERG,FE450
HUSABERG,FE450E
HUSABERG,FE501
HUSABERG,FE501E
HUSABERG,FE550E
HUSABERG,FE570
HUSABERG,FE650E
HUSABERG,FS400E
HUSABERG,FS450E
HUSABERG,FS570
HUSABERG,FS650C
HUSABERG,FS650E
HUSABERG,FX450
HUSABERG,FX470E
HUSABERG,FX650E
HUSABERG,TE125
HUSABERG,TE250
HUSABERG,TE300
HUSQVARNA,CR125
HUSQVARNA,CR250
HUSQVARNA,CR50
HUSQVARNA,FE250
HUSQVARNA,FE350
HUSQVARNA,FE501
HUSQVARNA,SM
HUSQVARNA,SMR
HUSQVARNA,SMS
HUSQVARNA,TC125
HUSQVARNA,TC250
HUSQVARNA,TC449
HUSQVARNA,TC450
HUSQVARNA,TC510
HUSQVARNA,TC610
HUSQVARNA,TC85
HUSQVARNA,TE125
HUSQVARNA,TE250
HUSQVARNA,TE300
HUSQVARNA,TE310
HUSQVARNA,TE400
HUSQVARNA,TE410
HUSQVARNA,TE449
HUSQVARNA,TE450
HUSQVARNA,TE510
HUSQVARNA,TE511
HUSQVARNA,TE570
HUSQVARNA,TE610
HUSQVARNA,TE630
HUSQVARNA,TXC
HUSQVARNA,WR125
HUSQVARNA,WR250
HUSQVARNA,WR360
HYOSUNG,GT250
HYOSUNG,GT250R
HYOSUNG,GT650
HYOSUNG,GT650R
HYOSUNG,GT650S
HYOSUNG,GV250
HYOSUNG,GV650
HYOSUNG,SD50/SENSE
HYOSUNG,SF50B/PRIMA
HYOSUNG,SF50R/RALLY
HYOSUNG,ST7
HYOSUNG,TE450S
HYUNDAI,ACCENT
HYUNDAI,AZERA
HYUNDAI,ELANTRA
HYUNDAI,ENTOURAGE
HYUNDAI,EQUUS
HYUNDAI,GENESIS
HYUNDAI,HMD
HYUNDAI,SANTA
HYUNDAI,SONATA
HYUNDAI,TIBURON
HYUNDAI,TUCSON
HYUNDAI,VELOSTER
HYUNDAI,VERACRUZ
HYUNDAI,XG300
HYUNDAI,XG350
IC CORPORATION,CE
INDIAN,CHIEF
INDIAN,CHIEFTAIN
INDIAN,SCOUT
INDIAN,SPIRIT
INFINITI,EX35
INFINITI,EX37
INFINITI,FX35
INFINITI,FX37
INFINITI,FX45
INFINITI,FX50
INFINITI,G20
INFINITI,G25
INFINITI,G35
INFINITI,G37
INFINITI,I30
INFINITI,I35
INFINITI,JX35
INFINITI,M35
INFINITI,M35H
INFINITI,M37
INFINITI,M45
INFINITI,M56
INFINITI,Q40
INFINITI,Q45
INFINITI,Q50
INFINITI,Q60
INFINITI,Q70
INFINITI,Q70L
INFINITI,QX4
INFINITI,QX50
INFINITI,QX56
INFINITI,QX60
INFINITI,QX70
INFINITI,QX80
INTERNATIONAL,
INTERNATIONAL,
INTERNATIONAL,
INTERNATIONAL,
INTERNATIONAL,
INTERNATIONAL,
INTERNATIONAL,
INTERNATIONAL,
INTERNATIONAL,
INTERNATIONAL,
INTERNATIONAL,
INTERNATIONAL,
INTERNATIONAL,
INTERNATIONAL,
INTERNATIONAL,
INTERNATIONAL,
INTERNATIONAL,
INTERNATIONAL,
INTERNATIONAL,
INTERNATIONAL,
INTERNATIONAL,
INTERNATIONAL,
INTERNATIONAL,
INTERNATIONAL,
INTERNATIONAL,
INTERNATIONAL,1652SC
INTERNATIONAL,3000IC
INTERNATIONAL,3000RE
INTERNATIONAL,4200LP
INTERNATIONAL,4300LP
INTERNATIONAL,4400LP
INTERNATIONAL,4700LP
INTERNATIONAL,4700LPX
INTERNATIONAL,5500I
INTERNATIONAL,5600I
INTERNATIONAL,5900I
INTERNATIONAL,9100I
INTERNATIONAL,9200I
INTERNATIONAL,9400I
INTERNATIONAL,9900I
INTERNATIONAL,9900IX
INTERNATIONAL,CF500
INTERNATIONAL,CF600
INTERNATIONAL,CXT
INTERNATIONAL,DURASTAR
INTERNATIONAL,GENESIS
INTERNATIONAL,LOADSTAR
INTERNATIONAL,LONESTAR
INTERNATIONAL,MXT
INTERNATIONAL,PROSTAR
INTERNATIONAL,RXT
INTERNATIONAL,TERRASTAR
INTERNATIONAL,WORKSTAR
ISUZU,ASCENDER
ISUZU,AXIOM
ISUZU,FRR
ISUZU,FSR
ISUZU,FTR
ISUZU,FVR
ISUZU,FXR
ISUZU,HTR
ISUZU,HVR
ISUZU,I-280
ISUZU,I-290
ISUZU,I-350
ISUZU,I-370
ISUZU,NPR
ISUZU,NPR-HD
ISUZU,NQR
ISUZU,NRR
ISUZU,REACH
ISUZU,RODEO
ISUZU,TROOPER
ISUZU,VEHICROSS
JAGUAR,F-TYPE
JAGUAR,S-TYPE
JAGUAR,SUPER
JAGUAR,VANDEN
JAGUAR,XF
JAGUAR,XFR
JAGUAR,XFR-S
JAGUAR,XJ
JAGUAR,XJ8
JAGUAR,XJR
JAGUAR,XK
JAGUAR,XK8
JAGUAR,XKR
JAGUAR,XKR-S
JAGUAR,X-TYPE
JEEP,CHEROKEE
JEEP,COMMANDER
JEEP,COMPASS
JEEP,GRAND
JEEP,LIBERTY
JEEP,PATRIOT
JEEP,RENEGADE
JEEP,TJ
JEEP,WRANGLER
JOHN DEERE,BUCK
JOHN DEERE,GATOR
JOHN DEERE,PROGATOR
JOHN DEERE,RSX850I
JOHN DEERE,TRAIL
KASEA,SKYHAWK
KAWASAKI,BN125
KAWASAKI,EN500C
KAWASAKI,ER-6N
KAWASAKI,EX250F
KAWASAKI,EX300
KAWASAKI,EX500
KAWASAKI,EX650
KAWASAKI,JH1100
KAWASAKI,JH1200
KAWASAKI,JS750
KAWASAKI,JS800
KAWASAKI,JT1100
KAWASAKI,JT1200
KAWASAKI,JT1500
KAWASAKI,JT900
KAWASAKI,KAF300
KAWASAKI,KAF400
KAWASAKI,KAF620
KAWASAKI,KAF950
KAWASAKI,KDX200
KAWASAKI,KDX220R
KAWASAKI,KDX50
KAWASAKI,KE100
KAWASAKI,KEF300
KAWASAKI,KFX250
KAWASAKI,KFX400
KAWASAKI,KFX450R
KAWASAKI,KFX50
KAWASAKI,KFX700
KAWASAKI,KFX80
KAWASAKI,KFX90
KAWASAKI,KL250
KAWASAKI,KLE650
KAWASAKI,KLF220
KAWASAKI,KLF250
KAWASAKI,KLF300
KAWASAKI,KLR250
KAWASAKI,KLR650
KAWASAKI,KLX110
KAWASAKI,KLX110L
KAWASAKI,KLX125
KAWASAKI,KLX125L
KAWASAKI,KLX140
KAWASAKI,KLX140L
KAWASAKI,KLX250S
KAWASAKI,KLX250SF
KAWASAKI,KLX300R
KAWASAKI,KLX400R
KAWASAKI,KLX400SR
KAWASAKI,KLX450R
KAWASAKI,KRF750
KAWASAKI,KRT750
KAWASAKI,KRT800
KAWASAKI,KSF250
KAWASAKI,KVF300
KAWASAKI,KVF360
KAWASAKI,KVF400
KAWASAKI,KVF650
KAWASAKI,KVF700
KAWASAKI,KVF750
KAWASAKI,KX100
KAWASAKI,KX125
KAWASAKI,KX250
KAWASAKI,KX250F
KAWASAKI,KX450F
KAWASAKI,KX500
KAWASAKI,KX60
KAWASAKI,KX65
KAWASAKI,KX85
KAWASAKI,KZ1000C/P
KAWASAKI,VN1500E
KAWASAKI,VN1500G
KAWASAKI,VN1500J/R
KAWASAKI,VN1500L
KAWASAKI,VN1500N
KAWASAKI,VN1500P
KAWASAKI,VN1600A
KAWASAKI,VN1600B
KAWASAKI,VN1600D
KAWASAKI,VN1700
KAWASAKI,VN2000A
KAWASAKI,VN2000D
KAWASAKI,VN2000E
KAWASAKI,VN2000F
KAWASAKI,VN750A
KAWASAKI,VN800A
KAWASAKI,VN800B
KAWASAKI,VN800E
KAWASAKI,VN900B
KAWASAKI,VN900C
KAWASAKI,VN900D
KAWASAKI,W650
KAWASAKI,Z1000
KAWASAKI,Z750
KAWASAKI,Z750R
KAWASAKI,Z750S
KAWASAKI,ZG1000
KAWASAKI,ZG1200
KAWASAKI,ZG1400
KAWASAKI,ZR1000
KAWASAKI,ZR-7S
KAWASAKI,ZRX1200
KAWASAKI,ZX1000
KAWASAKI,ZX1100
KAWASAKI,ZX1200
KAWASAKI,ZX1400
KAWASAKI,ZX600
KAWASAKI,ZX636
KAWASAKI,ZX750
KAWASAKI,ZX900
KAWASAKI,ZZR
KAWASAKI,ZZR1200
KENWORTH,C500
KENWORTH,K100E
KENWORTH,K300
KENWORTH,T170
KENWORTH,T2000
KENWORTH,T270
KENWORTH,T300
KENWORTH,T370
KENWORTH,T400
KENWORTH,T600A
KENWORTH,T660
KENWORTH,T680
KENWORTH,T700
KENWORTH,T800
KENWORTH,T880
KENWORTH,W900
KIA,AMANTI
KIA,BORREGO
KIA,CADENZA
KIA,FORTE
KIA,FORTE5
KIA,K900
KIA,MAGENTIS
KIA,OPTIMA
KIA,RIO
KIA,RIO5
KIA,RONDO
KIA,SEDONA
KIA,SEPHIA
KIA,SORENTO
KIA,SOUL
KIA,SPECTRA
KIA,SPECTRA5
KIA,SPORTAGE
KTM,
KTM,
KTM,
KTM,
KTM,
KTM,
KTM,
KTM,
KTM,
KTM,
KTM,
KTM,
KTM,
KTM,
KTM,
KTM,
KTM,
KTM,
KTM,
KTM,
KTM,
KTM,
KTM,450SX
KTM,505SX
KUBOTA,RTV1100
KUBOTA,RTV1140CPX
KUBOTA,RTV400CI
KUBOTA,RTV500
KUBOTA,RTV900
KUBOTA,RTV900XT
KUBOTA,RTV-X1100C
KUBOTA,RTV-X1120D
KUBOTA,RTV-X900
KYMCO,AGILITY
KYMCO,BET
KYMCO,COBRA
KYMCO,DOWNTOWN
KYMCO,GRANDVISTA
KYMCO,MAXXER
KYMCO,MONGOOSE
KYMCO,MXU150
KYMCO,MXU250
KYMCO,MXU300
KYMCO,MXU375
KYMCO,MXU450I
KYMCO,MXU500
KYMCO,MXU500I
KYMCO,MXU700I
KYMCO,PEOPLE
KYMCO,SENTO
KYMCO,STING
KYMCO,SUPER
KYMCO,UXV
KYMCO,VENOX
KYMCO,VITALITY
KYMCO,XCITING
KYMCO,YUP
KYMCO,ZX
LAFORZA,LAFORZA
LAMBORGHINI,AVENTADOR
LAMBORGHINI,DIABLO
LAMBORGHINI,GALLARDO
LAMBORGHINI,MURCIELAGO
LAND ROVER,DEFENDER
LAND ROVER,DISCOVERY
LAND ROVER,FREELANDER
LAND ROVER,LR2
LAND ROVER,LR3
LAND ROVER,LR4
LAND ROVER,RANGE
LEM,CAYMAN
LEM,CONDOR
LEM,LX1
LEM,LX2
LEM,LX3
LEM,R2
LEM,R3
LEXUS,CT200H
LEXUS,ES300
LEXUS,ES300H
LEXUS,ES330
LEXUS,ES350
LEXUS,GS300
LEXUS,GS350
LEXUS,GS430
LEXUS,GS450H
LEXUS,GS460
LEXUS,GX460
LEXUS,GX470
LEXUS,HS250H
LEXUS,IS250
LEXUS,IS300
LEXUS,IS350
LEXUS,LFA
LEXUS,LS430
LEXUS,LS460
LEXUS,LS600H
LEXUS,LX470
LEXUS,LX570
LEXUS,NX200T
LEXUS,NX300H
LEXUS,RC
LEXUS,RC350
LEXUS,RX300
LEXUS,RX330
LEXUS,RX350
LEXUS,RX400H
LEXUS,RX450H
LEXUS,SC430
LINCOLN,AVIATOR
LINCOLN,BLACKWOOD
LINCOLN,CONTINENTAL
LINCOLN,LS
LINCOLN,MARK
LINCOLN,MKC
LINCOLN,MKS
LINCOLN,MKT
LINCOLN,MKX
LINCOLN,MKZ
LINCOLN,NAVIGATOR
LINCOLN,TOWN
LINCOLN,ZEPHYR
LOTUS,ELISE
LOTUS,ESPRIT
LOTUS,EVORA
LOTUS,EXIGE
MACK,CH
MACK,CHN
MACK,CHU
MACK,CL
MACK,CS200P
MACK,CS300P
MACK,CT
MACK,CTP
MACK,CV
MACK,CXN
MACK,CXP
MACK,CXU
MACK,DM
MACK,DMM
MACK,GU4
MACK,GU5
MACK,GU7
MACK,GU8
MACK,LE
MACK,LEU
MACK,MR
MACK,MRU
MACK,MS200P
MACK,MS250P
MACK,MS300P
MACK,RB
MACK,RD
MACK,TD700
MASERATI,COUPE
MASERATI,GHIBLI
MASERATI,GRANSPORT
MASERATI,GRANTURISMO
MASERATI,QUATTROPORTE
MASERATI,SPYDER
MAYBACH,
MAYBACH,
MAZDA,
MAZDA,
MAZDA,
MAZDA,
MAZDA,
MAZDA,B2300
MAZDA,B2500
MAZDA,B3000
MAZDA,B4000
MAZDA,CX-5
MAZDA,CX-7
MAZDA,CX-9
MAZDA,MIATA
MAZDA,MILLENIA
MAZDA,MPV
MAZDA,MX-5
MAZDA,PROTEGE
MAZDA,PROTEGE5
MAZDA,RX-8
MAZDA,TRIBUTE
MCLAREN,MP4-12C
MCLAREN,P1
MERCEDES-BENZ,A180
MERCEDES-BENZ,A200
MERCEDES-BENZ,A250
MERCEDES-BENZ,A45
MERCEDES-BENZ,B
MERCEDES-BENZ,B180
MERCEDES-BENZ,B200
MERCEDES-BENZ,B250
MERCEDES-BENZ,C180
MERCEDES-BENZ,C200
MERCEDES-BENZ,C230
MERCEDES-BENZ,C240
MERCEDES-BENZ,C250
MERCEDES-BENZ,C280
MERCEDES-BENZ,C300
MERCEDES-BENZ,C32
MERCEDES-BENZ,C320
MERCEDES-BENZ,C350
MERCEDES-BENZ,C400
MERCEDES-BENZ,C55
MERCEDES-BENZ,C63
MERCEDES-BENZ,CL500
MERCEDES-BENZ,CL55
MERCEDES-BENZ,CL550
MERCEDES-BENZ,CL600
MERCEDES-BENZ,CL63
MERCEDES-BENZ,CL65
MERCEDES-BENZ,CLA180
MERCEDES-BENZ,CLA200
MERCEDES-BENZ,CLA250
MERCEDES-BENZ,CLA45
MERCEDES-BENZ,CLK320
MERCEDES-BENZ,CLK350
MERCEDES-BENZ,CLK430
MERCEDES-BENZ,CLK500
MERCEDES-BENZ,CLK55
MERCEDES-BENZ,CLK550
MERCEDES-BENZ,CLK63
MERCEDES-BENZ,CLS350
MERCEDES-BENZ,CLS400
MERCEDES-BENZ,CLS500
MERCEDES-BENZ,CLS55
MERCEDES-BENZ,CLS550
MERCEDES-BENZ,CLS63
MERCEDES-BENZ,E200
MERCEDES-BENZ,E250
MERCEDES-BENZ,E280
MERCEDES-BENZ,E300
MERCEDES-BENZ,E320
MERCEDES-BENZ,E350
MERCEDES-BENZ,E400
MERCEDES-BENZ,E430
MERCEDES-BENZ,E500
MERCEDES-BENZ,E55
MERCEDES-BENZ,E550
MERCEDES-BENZ,E63
MERCEDES-BENZ,G500
MERCEDES-BENZ,G55
MERCEDES-BENZ,G550
MERCEDES-BENZ,G63
MERCEDES-BENZ,G65
MERCEDES-BENZ,GL320
MERCEDES-BENZ,GL350
MERCEDES-BENZ,GL450
MERCEDES-BENZ,GL500
MERCEDES-BENZ,GL550
MERCEDES-BENZ,GL63
MERCEDES-BENZ,GLA200
MERCEDES-BENZ,GLA250
MERCEDES-BENZ,GLA45
MERCEDES-BENZ,GLK250
MERCEDES-BENZ,GLK300
MERCEDES-BENZ,GLK350
MERCEDES-BENZ,ML250
MERCEDES-BENZ,ML320
MERCEDES-BENZ,ML350
MERCEDES-BENZ,ML400
MERCEDES-BENZ,ML430
MERCEDES-BENZ,ML450
MERCEDES-BENZ,ML500
MERCEDES-BENZ,ML55
MERCEDES-BENZ,ML550
MERCEDES-BENZ,ML63
MERCEDES-BENZ,R320
MERCEDES-BENZ,R350
MERCEDES-BENZ,R500
MERCEDES-BENZ,R63
MERCEDES-BENZ,S350
MERCEDES-BENZ,S400
MERCEDES-BENZ,S430
MERCEDES-BENZ,S450
MERCEDES-BENZ,S500
MERCEDES-BENZ,S55
MERCEDES-BENZ,S550
MERCEDES-BENZ,S600
MERCEDES-BENZ,S63
MERCEDES-BENZ,S65
MERCEDES-BENZ,SL400
MERCEDES-BENZ,SL500
MERCEDES-BENZ,SL55
MERCEDES-BENZ,SL550
MERCEDES-BENZ,SL600
MERCEDES-BENZ,SL63
MERCEDES-BENZ,SL65
MERCEDES-BENZ,SLK200
MERCEDES-BENZ,SLK230
MERCEDES-BENZ,SLK250
MERCEDES-BENZ,SLK280
MERCEDES-BENZ,SLK300
MERCEDES-BENZ,SLK32
MERCEDES-BENZ,SLK320
MERCEDES-BENZ,SLK350
MERCEDES-BENZ,SLK55
MERCEDES-BENZ,SLR
MERCEDES-BENZ,SLS
MERCEDES-BENZ,SPRINTER
MERCEDES-BENZ,VITO
MERCURY,COUGAR
MERCURY,GRAND
MERCURY,MARAUDER
MERCURY,MARINER
MERCURY,MILAN
MERCURY,MONTEGO
MERCURY,MONTEREY
MERCURY,MOUNTAINEER
MERCURY,SABLE
MERCURY,VILLAGER
MINI,COOPER
MINI,COUNTRYMAN
MITSUBISHI,DIAMANTE
MITSUBISHI,ECLIPSE
MITSUBISHI,ENDEAVOR
MITSUBISHI,GALANT
MITSUBISHI,GRANDIS
MITSUBISHI,I-MIEV
MITSUBISHI,L200
MITSUBISHI,LANCER
MITSUBISHI,MIRAGE
MITSUBISHI,MONTERO
MITSUBISHI,OUTLANDER
MITSUBISHI,RAIDER
MITSUBISHI,RVR
MITSUBISHI,SPACE
MITSUBISHI FUSO,CANTER
MITSUBISHI FUSO,FE
MITSUBISHI FUSO,FE120
MITSUBISHI FUSO,FE125
MITSUBISHI FUSO,FE140
MITSUBISHI FUSO,FE145
MITSUBISHI FUSO,FE145CC
MITSUBISHI FUSO,FE180
MITSUBISHI FUSO,FE-CA
MITSUBISHI FUSO,FE-HD
MITSUBISHI FUSO,FE-SP
MITSUBISHI FUSO,FG
MITSUBISHI FUSO,FG140
MITSUBISHI FUSO,FH
MITSUBISHI FUSO,FK
MITSUBISHI FUSO,FK200
MITSUBISHI FUSO,FK260
MITSUBISHI FUSO,FM260
MITSUBISHI FUSO,FM330
MITSUBISHI FUSO,FM-HR
MITSUBISHI FUSO,FM-MR
MITSUBISHI FUSO,FM-SP
MITSUBISHI FUSO,FM-SR
MORGAN,AERO
MORGAN,PLUS
MORGAN,ROADSTER
MOTO GUZZI,BREVA
MOTO GUZZI,CALIFORNIA
MOTO GUZZI,GRISO
MOTO GUZZI,NEVADA
MOTO GUZZI,NORGE
MOTO GUZZI,STELVIO
MOTO GUZZI,V11
MOTO GUZZI,V7
MOTOR COACH INDUSTRIES,102D3
MOTOR COACH INDUSTRIES,102DL3
MOTOR COACH INDUSTRIES,102EL3
MOTOR COACH INDUSTRIES,D4005
MOTOR COACH INDUSTRIES,D4505
MOTOR COACH INDUSTRIES,J4500
MV AGUSTA,BRUTALE
MV AGUSTA,F3
MV AGUSTA,F4
MV AGUSTA,F4-1000
MV AGUSTA,F4-1000R
MV AGUSTA,F4-750
MV AGUSTA,F4R
MV AGUSTA,F4RR
MV AGUSTA,F4-S
MV AGUSTA,F4-SPR
NASH,STATESMAN
NEW FLYER,C30LF
NEW FLYER,C35LF
NEW FLYER,C40LF
NEW FLYER,D30LF
NEW FLYER,D40LF
NEW FLYER,D60LF
NISSAN,350Z
NISSAN,370Z
NISSAN,ALMERA
NISSAN,ALTIMA
NISSAN,ALTRA
NISSAN,APRIO
NISSAN,ARMADA
NISSAN,CABSTAR
NISSAN,CAMIONES
NISSAN,CUBE
NISSAN,FRONTIER
NISSAN,GT-R
NISSAN,JUKE
NISSAN,LEAF
NISSAN,MARCH
NISSAN,MAXIMA
NISSAN,MICRA
NISSAN,MURANO
NISSAN,NP300
NISSAN,NV1500
NISSAN,NV200
NISSAN,NV2500
NISSAN,NV3500
NISSAN,PATHFINDER
NISSAN,PICKUP
NISSAN,PLATINA
NISSAN,QUEST
NISSAN,ROGUE
NISSAN,SENTRA
NISSAN,TIIDA
NISSAN,TITAN
NISSAN,TSUBAME
NISSAN,TSURU
NISSAN,URVAN
NISSAN,VERSA
NISSAN,XTERRA
NISSAN,X-TRAIL
NOVA BUS CORPORATION,LFS
NOVA BUS CORPORATION,LOW
NOVA BUS CORPORATION,RTS
OLDSMOBILE,ALERO
OLDSMOBILE,AURORA
OLDSMOBILE,BRAVADA
OLDSMOBILE,INTRIGUE
OLDSMOBILE,SILHOUETTE
ORION BUS,ORION
OSHKOSH MOTOR TRUCK CO.,H
OSHKOSH MOTOR TRUCK CO.,P
OTTAWA,YT30
OTTAWA,YT50
OTTAWA,YT60T
PANOZ,ESPERANTE
PETERBILT,
PETERBILT,
PETERBILT,
PETERBILT,
PETERBILT,
PETERBILT,
PETERBILT,
PETERBILT,
PETERBILT,
PETERBILT,
PETERBILT,
PETERBILT,
PETERBILT,
PETERBILT,
PETERBILT,
PETERBILT,
PETERBILT,
PETERBILT,
PETERBILT,
PETERBILT,
PETERBILT,
PETERBILT,
PETERBILT,
PETERBILT,
PETERBILT,
PETERBILT,
PETERBILT,
PEUGEOT,
PEUGEOT,
PEUGEOT,
PEUGEOT,
PEUGEOT,
PEUGEOT,
PEUGEOT,
PEUGEOT,
PEUGEOT,
PEUGEOT,
PEUGEOT,
PEUGEOT,
PEUGEOT,EXPERT
PEUGEOT,GRAND
PEUGEOT,PARTNER
PEUGEOT,RCZ
PIAGGIO,BV
PIAGGIO,FLY
PIAGGIO,MP3
PIAGGIO,TYPHOON
PIAGGIO,X9
PIERCE MFG. INC.,ARROW
PIERCE MFG. INC.,DASH
PIERCE MFG. INC.,ENFORCER
PIERCE MFG. INC.,LANCE
PIERCE MFG. INC.,QUANTUM
PIERCE MFG. INC.,SABER
PIERCE MFG. INC.,VELOCITY
PLYMOUTH,NEON
PLYMOUTH,PROWLER
POLARIS,
POLARIS,
POLARIS,
POLARIS,
POLARIS,
POLARIS,
POLARIS,
POLARIS,
POLARIS,
POLARIS,ATP
POLARIS,BRUTUS
POLARIS,DIESEL
POLARIS,FREEDOM
POLARIS,FRONTIER
POLARIS,FS
POLARIS,FST
POLARIS,GENESIS
POLARIS,HAWKEYE
POLARIS,IQ
POLARIS,MAGNUM
POLARIS,MSX
POLARIS,OCTANE
POLARIS,OUTLAW
POLARIS,PHOENIX
POLARIS,PREDATOR
POLARIS,PRO
POLARIS,RANGER
POLARIS,RMK
POLARIS,RZR
POLARIS,SAWTOOTH
POLARIS,SCRAMBLER
POLARIS,SLH
POLARIS,SLX
POLARIS,SPORT
POLARIS,SPORTSMAN
POLARIS,SUPER
POLARIS,TRAIL
POLARIS,TURBO
POLARIS,VIRAGE
POLARIS,WIDE
POLARIS,WORKER
POLARIS,X2
POLARIS,XCF
POLARIS,XPEDITION
POLARIS,XPLORER
PONTIAC,AZTEK
PONTIAC,BONNEVILLE
PONTIAC,FIREBIRD
PONTIAC,G3
PONTIAC,G4
PONTIAC,G5
PONTIAC,G6
PONTIAC,G8
PONTIAC,GRAND
PONTIAC,GTO
PONTIAC,MATIZ
PONTIAC,MONTANA
PONTIAC,PURSUIT
PONTIAC,SOLSTICE
PONTIAC,SUNFIRE
PONTIAC,TORRENT
PONTIAC,VIBE
PONTIAC,WAVE
PONTIAC,WAVE5
PORSCHE,
PORSCHE,
PORSCHE,BOXSTER
PORSCHE,CARRERA
PORSCHE,CAYENNE
PORSCHE,CAYMAN
PORSCHE,MACAN
PORSCHE,PANAMERA
QVALE,MANGUSTA
RAM,
RAM,
RAM,
RAM,
RAM,
RAM,C/V
RAM,DAKOTA
RAM,PROMASTER
RAM,RAM
RENAULT,CLIO
RENAULT,DUSTER
RENAULT,EURO
RENAULT,FLUENCE
RENAULT,KANGOO
RENAULT,KOLEOS
RENAULT,LAGUNA
RENAULT,MEGANE
RENAULT,SCENIC
RENAULT,STEPWAY
RENAULT,TRAFIC
ROLLS ROYCE,CORNICHE
ROLLS ROYCE,GHOST
ROLLS ROYCE,PARK
ROLLS ROYCE,PHANTOM
ROLLS ROYCE,SILVER
ROLLS ROYCE,WRAITH
ROVER,
SAAB,
SAAB,
SAAB,9-2X
SAAB,9-3X
SAAB,9-4X
SAAB,9-7X
SALEEN,S7
SATURN,ASTRA
SATURN,AURA
SATURN,ION
SATURN,ION-1
SATURN,ION-2
SATURN,ION-3
SATURN,L
SATURN,L100
SATURN,L200
SATURN,L300
SATURN,L300-1
SATURN,L300-2
SATURN,L300-3
SATURN,LS
SATURN,LW
SATURN,LW200
SATURN,LW300
SATURN,OUTLOOK
SATURN,RELAY
SATURN,RELAY-1
SATURN,RELAY-2
SATURN,RELAY-3
SATURN,SC
SATURN,SC1
SATURN,SC2
SATURN,SKY
SATURN,SL
SATURN,SL1
SATURN,SL2
SATURN,SW
SATURN,SW2
SATURN,VUE
SCION,FR-S
SCION,IQ
SCION,TC
SCION,XA
SCION,XB
SCION,XD
SEA-DOO,
SEA-DOO,
SEA-DOO,3D
SEA-DOO,GS
SEA-DOO,GTI
SEA-DOO,GTR
SEA-DOO,GTS
SEA-DOO,GTX
SEA-DOO,LRV
SEA-DOO,RX
SEA-DOO,RXP
SEA-DOO,RXT
SEA-DOO,WAKE
SEA-DOO,XP
SEAT,ALHAMBRA
SEAT,ALTEA
SEAT,CORDOBA
SEAT,EXEO
SEAT,FREETRACK
SEAT,IBIZA
SEAT,LEON
SEAT,TOLEDO
SKI-DOO,ELITE
SKI-DOO,EXPEDITION
SKI-DOO,FORMULA
SKI-DOO,FREERIDE
SKI-DOO,FREESTYLE
SKI-DOO,GRAND
SKI-DOO,GSX
SKI-DOO,GTX
SKI-DOO,LEGEND
SKI-DOO,MACH
SKI-DOO,MINI
SKI-DOO,MX
SKI-DOO,RENEGADE
SKI-DOO,SKANDIC
SKI-DOO,SUMMIT
SKI-DOO,TOURING
SKI-DOO,TUNDRA
SMART,CABRIO
SMART,CITY-COUPE
SMART,FORFOUR
SMART,FORTWO
SRT,VIPER
STERLING,
STERLING,ACTERRA
STERLING,BULLET
STERLING,L7500
STERLING,SC7000
STERLING TRUCK,A9500
STERLING TRUCK,A9513
STERLING TRUCK,AT9500
STERLING TRUCK,AT9513
STERLING TRUCK,CONDOR
STERLING TRUCK,L7501
STERLING TRUCK,L8500
STERLING TRUCK,L8513
STERLING TRUCK,L9500
STERLING TRUCK,L9511
STERLING TRUCK,LT7500
STERLING TRUCK,LT7501
STERLING TRUCK,LT8500
STERLING TRUCK,LT8511
STERLING TRUCK,LT8513
STERLING TRUCK,LT9500
STERLING TRUCK,LT9501
STERLING TRUCK,LT9511
STERLING TRUCK,LT9513
STERLING TRUCK,LT9522
SUBARU,B9
SUBARU,BAJA
SUBARU,BRZ
SUBARU,FORESTER
SUBARU,IMPREZA
SUBARU,LEGACY
SUBARU,OUTBACK
SUBARU,TRIBECA
SUBARU,WRX
SUBARU,XV
SUZUKI,AERIO
SUZUKI,AN400
SUZUKI,AN650
SUZUKI,AN650A
SUZUKI,C109R
SUZUKI,C109RT
SUZUKI,C50
SUZUKI,C50B
SUZUKI,C50C
SUZUKI,C50T
SUZUKI,C90
SUZUKI,C90B
SUZUKI,C90T
SUZUKI,DL1000
SUZUKI,DL650
SUZUKI,DL650A
SUZUKI,DR200SE
SUZUKI,DR650SE
SUZUKI,DR-Z110
SUZUKI,DR-Z125
SUZUKI,DR-Z125L
SUZUKI,DR-Z250
SUZUKI,DR-Z400
SUZUKI,DR-Z400E
SUZUKI,DR-Z400S
SUZUKI,DR-Z400SM
SUZUKI,EQUATOR
SUZUKI,ESTEEM
SUZUKI,FORENZA
SUZUKI,GRAND
SUZUKI,GS500
SUZUKI,GS500F
SUZUKI,GSF1200S
SUZUKI,GSF1250S
SUZUKI,GSF1250SA
SUZUKI,GSF600S
SUZUKI,GSX1250FA
SUZUKI,GSX1300BK
SUZUKI,GSX1300R
SUZUKI,GSX600F
SUZUKI,GSX650F
SUZUKI,GSX750F
SUZUKI,GSX-R1000
SUZUKI,GSX-R600
SUZUKI,GSX-R750
SUZUKI,GW250
SUZUKI,GZ250
SUZUKI,JR50
SUZUKI,JR80
SUZUKI,KIZASHI
SUZUKI,LS650
SUZUKI,LT160
SUZUKI,LT80
SUZUKI,LT-A400
SUZUKI,LT-A400F
SUZUKI,LT-A450X
SUZUKI,LT-A50
SUZUKI,LT-A500
SUZUKI,LT-A500F
SUZUKI,LT-A700X
SUZUKI,LT-A750
SUZUKI,LT-A750X
SUZUKI,LT-F160
SUZUKI,LT-F250
SUZUKI,LT-F250F
SUZUKI,LT-F300F
SUZUKI,LT-F400
SUZUKI,LT-F400F
SUZUKI,LT-F500F
SUZUKI,LT-R450
SUZUKI,LT-V700F
SUZUKI,LT-Z250
SUZUKI,LT-Z400
SUZUKI,LT-Z50
SUZUKI,LT-Z90
SUZUKI,M109R
SUZUKI,M109R2
SUZUKI,M50
SUZUKI,M50B
SUZUKI,M90
SUZUKI,M95
SUZUKI,QUV620F
SUZUKI,RENO
SUZUKI,RM100
SUZUKI,RM125
SUZUKI,RM250
SUZUKI,RM60
SUZUKI,RM65
SUZUKI,RM80
SUZUKI,RM85
SUZUKI,RMX450Z
SUZUKI,RMZ250
SUZUKI,RMZ450
SUZUKI,S40
SUZUKI,S50
SUZUKI,S83
SUZUKI,SFV650
SUZUKI,SV1000/S
SUZUKI,SV650
SUZUKI,SV650A
SUZUKI,SV650S
SUZUKI,SV650SA
SUZUKI,SWIFT
SUZUKI,SWIFT+
SUZUKI,SX4
SUZUKI,TL1000R
SUZUKI,TL1000S
SUZUKI,TU250
SUZUKI,TU250X
SUZUKI,UH200
SUZUKI,VERONA
SUZUKI,VITARA
SUZUKI,VL1500
SUZUKI,VL800
SUZUKI,VS1400GL
SUZUKI,VS800GL
SUZUKI,VZ1600
SUZUKI,VZ800
SUZUKI,XL-7
TESLA,ROADSTER
TESLA,S
TESLA,X
TM,EN250
TM,EN250F
TM,EN450F
TM,MX100
TM,MX250
TM,MX250F
TM,MX450F
TM,MX85
TM,SMM450F
TM,SMR450F
TM,SMX450F
TM,SMX530F
TM,SMX660F
TM,XC250
TOYOTA,4RUNNER
TOYOTA,AVALON
TOYOTA,AVANZA
TOYOTA,CAMRY
TOYOTA,CELICA
TOYOTA,COROLLA
TOYOTA,ECHO
TOYOTA,FJ
TOYOTA,HIACE
TOYOTA,HIGHLANDER
TOYOTA,HILUX
TOYOTA,LAND
TOYOTA,MATRIX
TOYOTA,MR2
TOYOTA,PRIUS
TOYOTA,RAV4
TOYOTA,SEQUOIA
TOYOTA,SIENNA
TOYOTA,SOLARA
TOYOTA,TACOMA
TOYOTA,TUNDRA
TOYOTA,VENZA
TOYOTA,YARIS
TRIUMPH,ADVENTURER
TRIUMPH,AMERICA
TRIUMPH,BONNEVILLE
TRIUMPH,DAYTONA
TRIUMPH,LEGEND
TRIUMPH,ROCKET
TRIUMPH,SCRAMBLER
TRIUMPH,SPEED
TRIUMPH,SPEEDMASTER
TRIUMPH,SPRINT
TRIUMPH,STREET
TRIUMPH,THRUXTON
TRIUMPH,THUNDERBIRD
TRIUMPH,TIGER
TRIUMPH,TROPHY
TRIUMPH,TT600
UD,
UD,
UD,
UD,
UD,
UD,
UD,
UD,
UD,1800CS
UD,1800HD
UD,2300DH
UD,2300LP
VENTO,PHANTERA
VENTO,PHANTOM
VESPA,GT
VESPA,GTS
VESPA,GTV
VICTORY,15TH
VICTORY,ARLEN
VICTORY,BOARDWALK
VICTORY,CLASSIC
VICTORY,CORY
VICTORY,CROSS
VICTORY,GUNNER
VICTORY,HAMMER
VICTORY,HARD-BALL
VICTORY,HIGH-BALL
VICTORY,JACKPOT
VICTORY,JUDGE
VICTORY,KINGPIN
VICTORY,NESS
VICTORY,TOURING
VICTORY,V92C
VICTORY,V92SC
VICTORY,V92TC
VICTORY,VEGAS
VICTORY,VISION
VICTORY,ZACH
VOLKSWAGEN,AMAROK
VOLKSWAGEN,BEETLE
VOLKSWAGEN,BORA
VOLKSWAGEN,CABRIO
VOLKSWAGEN,CADDY
VOLKSWAGEN,CC
VOLKSWAGEN,CLASICO
VOLKSWAGEN,COMBI
VOLKSWAGEN,CRAFTER
VOLKSWAGEN,CROSSFOX
VOLKSWAGEN,DERBY
VOLKSWAGEN,E-GOLF
VOLKSWAGEN,EOS
VOLKSWAGEN,EUROVAN
VOLKSWAGEN,GLI
VOLKSWAGEN,GOL
VOLKSWAGEN,GOLF
VOLKSWAGEN,GTI
VOLKSWAGEN,JETTA
VOLKSWAGEN,LUPO
VOLKSWAGEN,MULTIVAN
VOLKSWAGEN,PANEL
VOLKSWAGEN,PASSAT
VOLKSWAGEN,PHAETON
VOLKSWAGEN,PICKUP
VOLKSWAGEN,POINTER
VOLKSWAGEN,POLO
VOLKSWAGEN,R32
VOLKSWAGEN,RABBIT
VOLKSWAGEN,ROUTAN
VOLKSWAGEN,SAVEIRO
VOLKSWAGEN,SEDAN
VOLKSWAGEN,SHARAN
VOLKSWAGEN,SPORTVAN
VOLKSWAGEN,TIGUAN
VOLKSWAGEN,TOUAREG
VOLKSWAGEN,TRANSPORTER
VOLKSWAGEN,VAN
VOLVO,C30
VOLVO,C70
VOLVO,S40
VOLVO,S60
VOLVO,S80
VOLVO,V40
VOLVO,V50
VOLVO,V60
VOLVO,V70
VOLVO,XC60
VOLVO,XC70
VOLVO,XC90
VPG,MV-1
WESTERN RV,ALPINE
WESTERN STAR,
WESTERN STAR,
WORKHORSE,FASTRACK
WORKHORSE,LF72
WORKHORSE,P30
WORKHORSE,P32
WORKHORSE,P42
WORKHORSE,R26
WORKHORSE,R32
WORKHORSE,W16
WORKHORSE,W18
WORKHORSE,W20
WORKHORSE,W21
WORKHORSE,W22
WORKHORSE,W24
WORKHORSE,W25
WORKHORSE,W42
WORKHORSE,W62
YAMAHA,BR250T
YAMAHA,BWS
YAMAHA,CP250
YAMAHA,CW50
YAMAHA,CY50
YAMAHA,FA1800
YAMAHA,FA1800A
YAMAHA,FB1800
YAMAHA,FB1800A
YAMAHA,FC1800
YAMAHA,FC1800A
YAMAHA,FJR1300
YAMAHA,FJR1300A
YAMAHA,FJR1300AE
YAMAHA,FJR1300ES
YAMAHA,FX10
YAMAHA,FX1000
YAMAHA,FX1000A
YAMAHA,FX10M
YAMAHA,FX10MT
YAMAHA,FX10MTR
YAMAHA,FX10MTRA
YAMAHA,FX10MTS
YAMAHA,FX10RT
YAMAHA,FX10RTR
YAMAHA,FX10RTRA
YAMAHA,FX10RTRS
YAMAHA,FX10XT
YAMAHA,FX1100
YAMAHA,FX1100A
YAMAHA,FX1100B
YAMAHA,FX1800
YAMAHA,FY1800
YAMAHA,FY1800A
YAMAHA,FZ-09
YAMAHA,FZ6R
YAMAHA,FZ8
YAMAHA,FZS1000
YAMAHA,FZS600
YAMAHA,GP1200
YAMAHA,GP1300
YAMAHA,GP800A
YAMAHA,GX1800
YAMAHA,GX1800A
YAMAHA,MM600
YAMAHA,MM700
YAMAHA,PW50
YAMAHA,PW80
YAMAHA,PZ50
YAMAHA,PZ500
YAMAHA,PZ500DX
YAMAHA,PZ500ML
YAMAHA,PZ50FX
YAMAHA,PZ50GT
YAMAHA,PZ50MT
YAMAHA,PZ50RTX
YAMAHA,PZ50VT
YAMAHA,PZ50XT
YAMAHA,RM1800
YAMAHA,RPZ50
YAMAHA,RS
YAMAHA,RS10
YAMAHA,RS90
YAMAHA,RS90GT
YAMAHA,RS90GTA
YAMAHA,RS90LT
YAMAHA,RS90LTGT
YAMAHA,RS90M
YAMAHA,RS90MS
YAMAHA,RS90N
YAMAHA,RS90NR
YAMAHA,RS90R
YAMAHA,RSG90
YAMAHA,RSG90GT
YAMAHA,RST90
YAMAHA,RST90GT
YAMAHA,RX10
YAMAHA,RX10GT
YAMAHA,RX10GTA
YAMAHA,RX10LT
YAMAHA,RX10LTGT
YAMAHA,RX10LTGTA
YAMAHA,RX10M
YAMAHA,RX10MS
YAMAHA,RX10MT
YAMAHA,RX10MTA
YAMAHA,RX10PS
YAMAHA,RX10PX
YAMAHA,RX10R
YAMAHA,RX10RS
YAMAHA,RX10RT
YAMAHA,RX10RTR
YAMAHA,RX10S
YAMAHA,RX1800
YAMAHA,RXW10
YAMAHA,RXW10GT
YAMAHA,RXW10S
YAMAHA,SH50
YAMAHA,SJ700
YAMAHA,SR
YAMAHA,SR400
YAMAHA,SRX120
YAMAHA,SRX700
YAMAHA,SRX700S
YAMAHA,SV1200
YAMAHA,SX500/R
YAMAHA,SX600/R
YAMAHA,SX700/R
YAMAHA,SXT1800
YAMAHA,SXV60
YAMAHA,SXV60ER
YAMAHA,SXV700
YAMAHA,SXV700ER
YAMAHA,SXV70MH
YAMAHA,TTR110E
YAMAHA,TTR125
YAMAHA,TTR125E
YAMAHA,TTR125L
YAMAHA,TTR125LE
YAMAHA,TTR225
YAMAHA,TTR230
YAMAHA,TTR250
YAMAHA,TTR50E
YAMAHA,TTR90
YAMAHA,TTR90E
YAMAHA,TW200
YAMAHA,TZ250
YAMAHA,VK10
YAMAHA,VK540
YAMAHA,VMX1200
YAMAHA,VMX1700
YAMAHA,VT500
YAMAHA,VT500XL
YAMAHA,VT600
YAMAHA,VT700
YAMAHA,VX1100
YAMAHA,VX1100A
YAMAHA,VX1100B
YAMAHA,VX1100C
YAMAHA,VX1800AK
YAMAHA,VX1800K
YAMAHA,VX500
YAMAHA,VX500DX
YAMAHA,VX600DX
YAMAHA,VX600ER
YAMAHA,VX700
YAMAHA,VX700DX
YAMAHA,VX700ER
YAMAHA,WR250F
YAMAHA,WR250R
YAMAHA,WR250X
YAMAHA,WR426F
YAMAHA,WR450F
YAMAHA,XA1200
YAMAHA,XA1200A
YAMAHA,XA800
YAMAHA,XA800A
YAMAHA,XAT1800
YAMAHA,XC125
YAMAHA,XC50
YAMAHA,XF50
YAMAHA,XL700
YAMAHA,XL700A
YAMAHA,XP50
YAMAHA,XP500
YAMAHA,XT225
YAMAHA,XT250
YAMAHA,XTZ1200
YAMAHA,XV1600A
YAMAHA,XV1600AS
YAMAHA,XV1600AT
YAMAHA,XV1700A
YAMAHA,XV1700AM
YAMAHA,XV1700AS
YAMAHA,XV1700AT
YAMAHA,XV1700ATM
YAMAHA,XV1700ATS
YAMAHA,XV1700PC
YAMAHA,XV1700PCM
YAMAHA,XV1900
YAMAHA,XV1900CT
YAMAHA,XV1900CTM
YAMAHA,XV1900CTS
YAMAHA,XV1900M
YAMAHA,XV1900S
YAMAHA,XV19C
YAMAHA,XV19CX
YAMAHA,XV19CXC
YAMAHA,XV250
YAMAHA,XVS1100
YAMAHA,XVS1100A
YAMAHA,XVS1100AT
YAMAHA,XVS13
YAMAHA,XVS1300
YAMAHA,XVS1300A
YAMAHA,XVS650
YAMAHA,XVS650A
YAMAHA,XVS650AT
YAMAHA,XVS950
YAMAHA,XVS950CT
YAMAHA,XVZ1300AL
YAMAHA,XVZ1300CT
YAMAHA,XVZ1300CTM
YAMAHA,XVZ1300CTS
YAMAHA,XVZ1300TF
YAMAHA,XVZ1300TFM
YAMAHA,XVZ1300TFS
YAMAHA,YFA-1
YAMAHA,YFM125
YAMAHA,YFM250
YAMAHA,YFM250R
YAMAHA,YFM300
YAMAHA,YFM350
YAMAHA,YFM350F
YAMAHA,YFM350FA
YAMAHA,YFM350X
YAMAHA,YFM400
YAMAHA,YFM400A
YAMAHA,YFM400F
YAMAHA,YFM450
YAMAHA,YFM450F
YAMAHA,YFM450FX
YAMAHA,YFM50
YAMAHA,YFM550
YAMAHA,YFM600FW
YAMAHA,YFM660F
YAMAHA,YFM660R
YAMAHA,YFM700
YAMAHA,YFM700R
YAMAHA,YFM80
YAMAHA,YFM80W
YAMAHA,YFM90
YAMAHA,YFS200
YAMAHA,YFZ350
YAMAHA,YFZ450
YAMAHA,YFZ450R
YAMAHA,YFZ450X
YAMAHA,YJ125
YAMAHA,YJ50
YAMAHA,YJ50RA
YAMAHA,YP400
YAMAHA,YW125
YAMAHA,YW50
YAMAHA,YW50F
YAMAHA,YW50FX
YAMAHA,YXM700
YAMAHA,YXP1000A
YAMAHA,YXP700A
YAMAHA,YXR45F
YAMAHA,YXR66F
YAMAHA,YXR700F
YAMAHA,YZ125
YAMAHA,YZ250
YAMAHA,YZ250F
YAMAHA,YZ426F
YAMAHA,YZ450F
YAMAHA,YZ80
YAMAHA,YZ85
YAMAHA,YZF600R
YAMAHA,YZF-R1
YAMAHA,YZF-R6
YAMAHA,YZF-R6S
