,0,1
0,n,6239
1,car,3996
2,bmw,3485
3,like,2831
4,one,2614
5,acura,2516
6,ni,2508
7,would,2489
8,cars,2436
9,said,2371
10,get,2236
11,audi,2005
12,3,1949
13,think,1948
14,new,1940
15,awd,1863
16,volkswagen,1631
17,even,1602
18,good,1574
19,much,1570
20,well,1519
21,infiniti,1510
22,time,1468
23,drive,1431
24,know,1428
25,honda,1381
26,really,1374
27,better,1367
28,2,1337
29,years,1285
30,also,1251
31,4,1238
32,people,1227
33,price,1187
34,see,1187
35,could,1173
36,still,1150
37,want,1126
38,way,1125
39,5,1125
40,back,1090
41,make,1083
42,nthe,1080
43,sport,1061
44,go,1045
45,say,1036
46,1,1034
47,series,1019
48,wife,994
49,driving,978
50,sh,972
51,going,970
52,year,953
53,right,941
54,many,931
55,ford,921
56,6,913
57,lot,909
58,2018,895
59,performance,880
60,got,877
61,buy,876
62,less,875
63,dealer,867
64,cadillac,859
65,sure,852
66,miles,847
67,never,840
68,since,833
69,take,832
70,engine,816
71,nice,815
72,something,812
73,probably,805
74,great,803
75,lexus,800
76,first,783
77,need,780
78,look,766
79,thing,764
80,used,741
81,long,726
82,last,726
83,point,719
84,looking,712
85,vehicle,705
86,luxury,700
87,lease,698
88,pretty,698
89,every,695
90,may,689
91,test,687
92,us,684
93,speed,675
94,least,673
95,two,672
96,money,666
97,around,653
98,previous,652
99,old,649
100,actually,644
101,little,639
102,big,632
103,another,632
104,2015,626
105,seems,625
106,model,625
107,though,624
108,best,622
109,course,622
110,type,617
111,cost,617
112,maserati,615
113,next,602
114,lincoln,596
115,maybe,594
116,might,589
117,agree,589
118,find,587
119,class,582
120,manual,580
121,however,576
122,put,569
123,getting,569
124,made,569
125,fwd,560
126,different,559
127,feel,556
128,bit,553
129,mine,548
130,anything,548
131,com,547
132,far,546
133,power,545
134,high,537
135,market,531
136,keep,528
137,always,526
138,interior,526
139,etc,522
140,current,521
141,without,520
142,bought,516
143,10,512
144,makes,512
145,2017,508
146,7,503
147,looks,503
148,2001,497
149,use,496
150,end,492
151,things,488
152,ellps,488
153,either,487
154,0,485
155,level,484
156,000,484
157,brand,483
158,almost,479
159,sales,476
160,drove,476
161,deal,474
162,transmission,474
163,fact,474
164,hyundai,472
165,thought,472
166,ago,472
167,8,471
168,come,471
169,today,469
170,ever,469
171,driven,468
172,toyota,468
173,quotes,467
174,comes,467
175,guess,465
176,real,460
177,experience,459
178,enough,457
179,quite,456
180,bad,454
181,touring,453
182,nshow,452
183,auto,452
184,rwd,450
185,day,449
186,close,447
187,package,444
188,hp,442
189,hard,441
190,top,441
191,value,439
192,work,436
193,problem,435
194,give,434
195,love,430
196,nissan,430
197,tires,427
198,nothing,427
199,turbo,427
200,yes,426
201,c,425
202,pay,425
203,difference,422
204,line,421
205,fun,421
206,couple,418
207,vehicles,415
208,front,413
209,yet,411
210,read,411
211,premium,410
212,reason,410
213,name,406
214,road,401
215,nit,399
216,small,398
217,vs,397
218,chevrolet,396
219,handling,396
220,others,391
221,months,390
222,kia,388
223,base,387
224,low,386
225,models,383
226,rear,383
227,mb,382
228,tell,382
229,steering,381
230,edmunds,379
231,issue,378
232,seats,378
233,17,376
234,expensive,376
235,sell,375
236,let,374
237,service,372
238,reviews,371
239,standard,371
240,g,369
241,change,369
242,true,369
243,driver,368
244,part,368
245,help,367
246,2014,366
247,nmy,366
248,went,365
249,nso,364
250,believe,363
251,size,363
252,60,361
253,2013,359
254,list,357
255,non,357
256,mercedes,357
257,option,356
258,days,355
259,interesting,354
260,wrong,354
261,leather,353
262,dealers,352
263,v6,352
264,options,352
265,someone,352
266,seem,351
267,torque,351
268,buying,350
269,perhaps,348
270,entry,348
271,wheel,347
272,nif,347
273,r,346
274,done,345
275,else,338
276,especially,338
277,2016,336
278,mean,335
279,times,335
280,mpg,334
281,morgan,334
282,start,333
283,gran,332
284,porsche,330
285,given,329
286,based,329
287,came,328
288,quattro,326
289,warranty,326
290,seat,326
291,wanted,325
292,gm,325
293,paid,324
294,430i,323
295,se,323
296,moderator,323
297,able,323
298,issues,323
299,post,323
300,gas,322
301,add,321
302,wheels,321
303,land rover,318
304,ride,318
305,mileage,315
306,owned,314
307,already,313
308,sports,313
309,live,312
310,away,307
311,anyone,307
312,volvo,307
313,higher,306
314,aspec,306
315,20,304
316,30,304
317,mini,303
318,choice,303
319,numbers,302
320,system,301
321,gets,301
322,kind,301
323,extra,300
324,similar,299
325,care,299
326,case,298
327,offer,298
328,track,297
329,found,296
330,2009,294
331,suspension,294
332,msrp,294
333,compared,293
334,available,293
335,seen,293
336,worth,291
337,version,291
338,50,291
339,second,291
340,must,290
341,german,288
342,dealership,288
343,automatic,288
344,www,287
345,making,287
346,certainly,286
347,2012,286
348,reliability,286
349,nbut,285
350,fine,284
351,month,284
352,consider,284
353,rather,284
354,quality,284
355,everything,283
356,fuel,283
357,lower,280
358,na,278
359,trying,278
360,took,277
361,saying,277
362,nand,276
363,place,276
364,oil,275
365,three,272
366,number,271
367,weight,271
368,ok,271
369,per,269
370,side,268
371,tech,268
372,free,268
373,try,268
374,328,267
375,e,266
376,run,266
377,prices,266
378,buyers,266
379,coming,266
380,short,266
381,flightnurse,265
382,50k,265
383,talk,264
384,past,264
385,world,264
386,remember,263
387,guy,262
388,life,262
389,fast,260
390,v,259
391,nthat,259
392,stick,259
393,jaguar,258
394,mind,258
395,diesel,258
396,due,258
397,understand,258
398,company,258
399,nhttp,257
400,simply,256
401,bmws,255
402,mid,255
403,often,254
404,talking,253
405,unless,251
406,order,251
407,several,250
408,features,249
409,longer,249
410,nyou,249
411,thinking,248
412,sold,248
413,looked,247
414,subaru,247
415,9,247
416,mercedesbenz,247
417,16,246
418,goes,246
419,country,245
420,thanks,245
421,drives,245
422,built,244
423,maintenance,244
424,check,243
425,hand,243
426,set,243
427,engines,243
428,called,242
429,exactly,242
430,sound,241
431,matter,241
432,liked,241
433,saw,239
434,500,239
435,week,238
436,fit,238
437,problems,237
438,buick,237
439,door,237
440,mazda,237
441,needs,234
442,near,232
443,15,232
444,highway,231
445,sedans,231
446,club,230
447,hit,230
448,home,229
449,told,229
450,smaller,228
451,show,227
452,question,226
453,selling,226
454,left,225
455,forum,225
456,full,224
457,costs,224
458,cheap,223
459,son,222
460,happy,221
461,loaded,220
462,mentioned,220
463,equipped,220
464,335,220
465,09,219
466,40,219
467,comparison,218
468,limited,217
469,nas,217
470,stuff,216
471,wait,216
472,2011,216
473,although,215
474,100,215
475,pricing,215
476,nin,214
477,likely,214
478,later,213
479,says,212
480,nregards,212
481,usually,211
482,call,209
483,factor,208
484,idea,208
485,sense,208
486,overall,207
487,assume,206
488,stop,206
489,friend,205
490,possible,205
491,move,205
492,heard,204
493,brands,204
494,bigger,203
495,turn,203
496,cheaper,203
497,everyone,203
498,means,203
499,instead,202
500,reliable,202
501,none,201
502,whole,201
503,example,201
504,faster,200
505,article,200
506,opinion,200
507,certain,200
508,14,199
509,light,199
510,definitely,199
511,hope,198
512,x,198
513,amount,198
514,commuter,196
515,suvs,196
516,folks,196
517,trade,195
518,huge,194
519,toy,193
520,wonder,193
521,mitsubishi,193
522,control,193
523,europe,193
524,p,193
525,send,192
526,family,192
527,lx,191
528,offered,191
529,segment,191
530,jeep,190
531,nshare,190
532,feels,190
533,owner,189
534,weeks,189
535,local,188
536,ones,188
537,styling,188
538,motion,187
539,tts,187
540,lots,187
541,300,187
542,brakes,187
543,enjoy,186
544,nnow,186
545,person,185
546,black,185
547,dodge,185
548,design,184
549,build,184
550,within,182
551,discussion,182
552,1995,181
553,6t,181
554,questions,181
555,including,181
556,history,180
557,message,180
558,doubt,180
559,hear,180
560,basically,180
561,four,179
562,except,179
563,whatever,179
564,pick,179
565,alltrack,177
566,mile,176
567,decent,176
568,mph,175
569,started,175
570,large,175
571,sporty,175
572,nthis,175
573,quick,174
574,sometimes,173
575,seadoo,173
576,2007,173
577,guys,173
578,cup,172
579,x80,172
580,xe2,172
581,stock,172
582,heavy,172
583,1999,171
584,nwhat,171
585,needed,171
586,trip,170
587,nav,170
588,european,170
589,decided,170
590,recently,170
591,ex,169
592,parts,169
593,purchase,169
594,review,169
595,important,169
596,felt,169
597,completely,168
598,head,168
599,nearly,168
600,priced,168
601,wagon,168
602,ask,168
603,comment,168
604,japanese,168
605,economy,167
606,perfect,167
607,please,167
608,90,166
609,early,166
610,half,166
611,wants,166
612,room,165
613,average,165
614,gone,165
615,compare,165
616,owners,165
617,behind,164
618,challenge,164
619,stickguy,164
620,category,164
621,mostly,164
622,buell,163
623,term,163
624,motor,163
625,according,163
626,considered,162
627,suzuki,162
628,customer,162
629,snow,162
630,area,161
631,added,161
632,13,161
633,factory,161
634,american,161
635,easy,161
636,1996,160
637,oh,159
638,private,159
639,yeah,159
640,job,159
641,body,159
642,triple,158
643,changed,158
644,spend,158
645,save,158
646,30k,158
647,nwell,157
648,nwe,157
649,knows,157
650,cyl,156
651,soon,156
652,trim,156
653,personal,156
654,using,155
655,excellent,155
656,shop,155
657,cpo,155
658,product,155
659,total,154
660,12,154
661,2008,154
662,reasons,154
663,drivers,154
664,considering,153
665,anyway,153
666,fully,153
667,terms,152
668,somewhat,152
669,along,152
670,inside,152
671,customers,152
672,style,151
673,board,150
674,11,150
675,shopping,150
676,318ti,149
677,roads,149
678,e90,149
679,lbs,149
680,nthere,149
681,acceleration,149
682,cr,148
683,sounds,148
684,btw,147
685,nneed,147
686,sorry,147
687,generation,147
688,shift,147
689,roadburner,146
690,leased,146
691,badge,146
692,currently,146
693,correct,146
694,lack,146
695,cool,145
696,technology,145
697,nbmw,145
698,320,145
699,afford,145
700,loaner,144
701,larger,144
702,0t,144
703,business,144
704,imho,144
705,200,143
706,tire,143
707,safety,143
708,bring,143
709,payment,142
710,data,142
711,regarding,142
712,interested,141
713,posted,141
714,graphicguy,141
715,taking,140
716,counting,140
717,rex,140
718,navigating,140
719,replace,140
720,delivery,140
721,content,140
722,44,139
723,clubman,139
724,replica,139
725,late,139
726,clicking,139
727,40k,139
728,posts,139
729,regards,139
730,gotten,138
731,buyer,138
732,interest,138
733,benz,138
734,discount,138
735,paint,138
736,happen,137
737,25,137
738,marketing,137
739,recent,137
740,competition,137
741,comfortable,137
742,w,137
743,included,137
744,paying,137
745,comments,137
746,18,136
747,worse,136
748,companies,136
749,leasing,136
750,aston martin,135
751,expect,135
752,imo,135
753,north,135
754,slightly,134
755,surprise,134
756,reading,134
757,finally,134
758,nfor,134
759,major,134
760,sort,134
761,transmissions,134
762,cylinder,133
763,prestige,133
764,charge,133
765,saturn,133
766,totally,133
767,absolutely,133
768,beyond,133
769,personally,133
770,ordered,133
771,dont,133
772,prefer,132
773,2010,132
774,feature,132
775,nprices,132
776,majority,132
777,gave,132
778,actual,132
779,brake,132
780,smooth,132
781,taken,131
782,manufacturers,131
783,repair,131
784,crew,130
785,drop,130
786,works,130
787,b,130
788,break,130
789,answer,130
790,ray,130
791,seriously,130
792,gear,130
793,dino001,129
794,36,129
795,whether,129
796,gen,129
797,2000,129
798,wish,129
799,nwhen,128
800,stay,128
801,period,128
802,chrysler,127
803,asked,127
804,nhere,127
805,entire,127
806,color,127
807,markcincinnati,127
808,winter,127
809,67,126
810,tried,126
811,imagine,126
812,quickly,126
813,2005,126
814,takes,126
815,19,126
816,favorite,126
817,05,126
818,story,126
819,simple,126
820,note,126
821,future,125
822,80,125
823,rolls royce,125
824,seemed,125
825,news,125
826,enthusiasts,125
827,911,125
828,group,124
829,rest,124
830,original,124
831,sticker,124
832,replaced,124
833,10k,124
834,offers,124
835,nnot,123
836,red,123
837,recall,123
838,5k,123
839,statement,123
840,lux,123
841,normal,122
842,easily,122
843,audis,121
844,older,121
845,figure,121
846,platform,121
847,rate,120
848,michaell,120
849,possibly,120
850,willing,120
851,poor,120
852,man,119
853,hell,119
854,feeling,119
855,open,119
856,plan,118
857,surprised,118
858,mention,118
859,impressed,118
860,weekend,118
861,changes,118
862,35,117
863,comfort,117
864,equipment,117
865,renault,117
866,offering,117
867,choose,117
868,coronet,116
869,hse,116
870,fan,116
871,sitting,116
872,suv,116
873,points,116
874,lost,116
875,hot,115
876,mode,115
877,traffic,115
878,serious,115
879,white,115
880,regular,115
881,stated,115
882,germans,115
883,night,115
884,nbtw,115
885,impressive,114
886,cash,114
887,significant,114
888,upgrade,114
889,turned,114
890,become,114
891,alone,114
892,products,114
893,350,114
894,play,113
895,anymore,113
896,straight,113
897,essentially,113
898,handles,113
899,pull,113
900,dsg,113
901,choices,113
902,words,113
903,spent,112
904,giving,112
905,keeping,112
906,decision,112
907,starting,111
908,70,111
909,somewhere,111
910,njust,111
911,handle,111
912,35k,110
913,manufacturer,110
914,general,110
915,rpm,110
916,clutch,110
917,info,109
918,twice,109
919,60k,109
920,share,109
921,include,109
922,ed,109
923,advantage,109
924,closer,108
925,seconds,108
926,form,108
927,apparently,108
928,leases,107
929,nbest,107
930,garage,107
931,plenty,107
932,speak,107
933,hold,106
934,trunk,106
935,forums,106
936,gives,106
937,state,106
938,wow,106
939,400,105
940,kept,105
941,06,105
942,running,105
943,waiting,105
944,repairs,105
945,advance,105
946,summer,105
947,cla,105
948,slow,104
949,andres3,104
950,obviously,104
951,improved,104
952,nthey,104
953,increase,104
954,jag,104
955,spot,104
956,known,104
957,forward,104
958,minutes,103
959,html,103
960,relatively,103
961,strong,103
962,ways,102
963,sells,102
964,enthusiast,102
965,clear,102
966,parking,101
967,rental,101
968,insurance,101
969,quiet,101
970,lighter,101
971,middle,101
972,argument,101
973,knew,100
974,luck,100
975,word,100
976,happens,100
977,loved,100
978,view,100
979,45k,100
980,15k,100
981,notice,99
982,f,99
983,funny,99
984,95,99
985,single,99
986,cut,99
987,street,98
988,ended,98
989,fix,98
990,six,98
991,consumer,98
992,amazing,98
993,nyes,97
994,passenger,97
995,thread,97
996,typical,97
997,noticed,97
998,payments,97
999,wise,97
1000,working,97
1001,hopefully,97
1002,dealerships,96
1003,admit,96
1004,assuming,96
1005,ft,96
1006,stand,96
1007,topic,96
1008,diesels,95
1009,uses,95
1010,meant,95
1011,reports,95
1012,blue,95
1013,leave,95
1014,step,95
1015,08,95
1016,kids,94
1017,chance,94
1018,newer,94
1019,sale,94
1020,340i,94
1021,zero,94
1022,nto,94
1023,soft,94
1024,ownership,93
1025,across,93
1026,germany,93
1027,45,93
1028,bet,93
1029,f30,93
1030,versions,93
1031,sit,93
1032,confuse,93
1033,nwhy,92
1034,saab,92
1035,credit,92
1036,truck,92
1037,2004,92
1038,miss,92
1039,bunch,92
1040,together,92
1041,sunroof,92
1042,site,91
1043,naudi,91
1044,materials,91
1045,fair,91
1046,kirstie_h,91
1047,trans,91
1048,nno,91
1049,modern,91
1050,u,91
1051,limit,90
1052,wear,90
1053,resale,90
1054,decide,90
1055,nobody,90
1056,250,90
1057,worked,90
1058,nshipo,90
1059,suspect,89
1060,150,89
1061,flat,89
1062,push,89
1063,nalso,89
1064,tune,89
1065,main,89
1066,ahead,89
1067,tight,89
1068,outside,89
1069,disagree,89
1070,beat,88
1071,public,88
1072,cincinnati,88
1073,center,88
1074,tax,88
1075,2006,88
1076,solid,88
1077,happened,88
1078,camera,88
1079,program,88
1080,1st,88
1081,horsepower,88
1082,thousands,88
1083,common,88
1084,07,88
1085,biggest,87
1086,daily,87
1087,noh,87
1088,2003,87
1089,nhow,87
1090,generally,87
1091,america,87
1092,appreciate,87
1093,friends,87
1094,powerful,87
1095,noise,87
1096,20k,87
1097,supposed,87
1098,es,87
1099,mr_shiftright,86
1100,heck,86
1101,cross,86
1102,expected,86
1103,return,86
1104,n1,86
1105,pre,86
1106,doors,86
1107,clearly,86
1108,forget,85
1109,superior,85
1110,nicer,85
1111,showroom,85
1112,website,85
1113,dollars,85
1114,virtually,85
1115,incentives,84
1116,speeds,84
1117,mack,84
1118,moving,84
1119,checked,84
1120,response,84
1121,nacura,84
1122,fantastic,84
1123,comparable,84
1124,research,84
1125,lb,84
1126,engineering,84
1127,n2,84
1128,robr2,84
1129,pass,84
1130,comparing,84
1131,epa,83
1132,putting,83
1133,tranny,83
1134,argue,83
1135,trouble,83
1136,write,83
1137,information,83
1138,former,83
1139,speaking,83
1140,upon,83
1141,allow,83
1142,fall,83
1143,continue,83
1144,bimmer,83
1145,particular,82
1146,latest,82
1147,2nd,82
1148,purchased,82
1149,deals,82
1150,neither,82
1151,weather,82
1152,nyccarguy,82
1153,link,82
1154,air,82
1155,hate,82
1156,pontiac,82
1157,age,82
1158,differences,82
1159,2002,82
1160,kyfdx,81
1161,tests,81
1162,following,81
1163,appears,81
1164,otherwise,81
1165,levels,80
1166,includes,80
1167,seeing,80
1168,regardless,80
1169,bottom,80
1170,roof,80
1171,lines,80
1172,24,80
1173,balance,80
1174,shows,80
1175,pierce mfg inc,80
1176,computer,79
1177,tend,79
1178,literally,79
1179,75,79
1180,owning,79
1181,fixed,79
1182,nof,79
1183,report,79
1184,e46,79
1185,potential,79
1186,flight,79
1187,provide,79
1188,require,78
1189,book,78
1190,suggest,78
1191,john deere,78
1192,despite,78
1193,fairly,78
1194,additional,78
1195,nis,78
1196,nyc,78
1197,100k,78
1198,claim,78
1199,win,78
1200,event,78
1201,cruise,78
1202,attractive,78
1203,navigation,78
1204,chassis,78
1205,somehow,78
1206,benjaminh,77
1207,thank,77
1208,lol,77
1209,330,77
1210,missed,77
1211,suppose,77
1212,easier,77
1213,throw,77
1214,school,77
1215,installed,77
1216,game,77
1217,cold,76
1218,29,76
1219,click,76
1220,thinks,76
1221,corner,76
1222,electronic,76
1223,items,76
1224,respect,76
1225,extremely,76
1226,reasonable,76
1227,puts,75
1228,28,75
1229,typically,75
1230,exact,75
1231,house,75
1232,starts,75
1233,related,75
1234,americans,75
1235,hey,75
1236,screen,75
1237,foot,75
1238,watch,75
1239,pack,75
1240,sat,75
1241,damn,75
1242,stinger,74
1243,store,74
1244,relative,74
1245,date,74
1246,qbrozen,74
1247,xdrive,74
1248,brought,74
1249,justify,74
1250,packages,74
1251,designed,74
1252,thus,74
1253,metallic,74
1254,magazines,74
1255,support,74
1256,wood,73
1257,window,73
1258,ugly,73
1259,residual,73
1260,compact,73
1261,cover,73
1262,anywhere,73
1263,heated,73
1264,sweendogy,73
1265,salesman,73
1266,unfortunately,73
1267,american ironhorse,73
1268,extended,73
1269,facts,73
1270,changing,73
1271,loves,73
1272,dead,73
1273,touch,73
1274,popular,72
1275,manager,72
1276,face,72
1277,cvt,72
1278,bargain,72
1279,n3,72
1280,magazine,72
1281,nthanks,72
1282,hands,72
1283,exterior,72
1284,compete,72
1285,http,72
1286,throttle,72
1287,among,72
1288,shades,72
1289,nat,71
1290,significantly,71
1291,commute,71
1292,profit,71
1293,glad,71
1294,required,71
1295,nhowever,71
1296,double,71
1297,depending,71
1298,4k,71
1299,difficult,71
1300,depreciation,71
1301,boards,71
1302,production,71
1303,runs,71
1304,wide,71
1305,lps,71
1306,manuals,71
1307,dynamics,71
1308,machine,71
1309,listed,71
1310,600,70
1311,durability,70
1312,quicker,70
1313,floor,70
1314,ability,70
1315,reality,70
1316,replacement,70
1317,boring,70
1318,perspective,70
1319,smart,70
1320,conditions,70
1321,subjective,70
1322,rarely,69
1323,realize,69
1324,acuras,69
1325,budget,69
1326,positive,69
1327,radio,69
1328,box,69
1329,alternative,69
1330,boost,69
1331,basic,69
1332,refined,69
1333,pulled,69
1334,key,69
1335,granted,68
1336,nyeah,68
1337,37,68
1338,addition,68
1339,electric,68
1340,everybody,68
1341,convertible,68
1342,east,68
1343,indeed,68
1344,opinions,68
1345,tested,68
1346,turns,68
1347,limits,68
1348,discounts,68
1349,moved,68
1350,heavier,68
1351,g37x,68
1352,lets,67
1353,65,67
1354,truly,67
1355,autos,67
1356,ready,67
1357,keeps,67
1358,32,67
1359,states,67
1360,dino,67
1361,besides,67
1362,somebody,67
1363,twin,67
1364,ordering,67
1365,meet,67
1366,spending,67
1367,asking,67
1368,press,67
1369,instance,67
1370,bother,67
1371,contact,66
1372,dual,66
1373,saved,66
1374,odd,66
1375,wrote,66
1376,experiences,66
1377,hoping,66
1378,stopped,66
1379,thousand,66
1380,young,66
1381,systems,66
1382,likes,66
1383,automotive,65
1384,worry,65
1385,spec,65
1386,mag,65
1387,800,65
1388,bimmerfest,65
1389,trend,65
1390,fn,65
1391,l,65
1392,search,65
1393,dollar,65
1394,pointed,65
1395,aware,64
1396,concerned,64
1397,finish,64
1398,figures,64
1399,talked,64
1400,worst,64
1401,knowing,64
1402,exhaust,64
1403,hybrid,64
1404,position,64
1405,japan,64
1406,highly,64
1407,nmaybe,64
1408,ndrive,64
1409,adds,64
1410,record,63
1411,trips,63
1412,traded,63
1413,plastic,63
1414,munich,63
1415,thoughts,63
1416,building,63
1417,count,63
1418,figured,63
1419,third,63
1420,1000,63
1421,standards,63
1422,perform,63
1423,ten,62
1424,monthly,62
1425,nall,62
1426,dad,62
1427,nicely,62
1428,piece,62
1429,interiors,62
1430,fee,62
1431,23,62
1432,joke,62
1433,yesterday,62
1434,situation,62
1435,maintain,62
1436,process,62
1437,aluminum,62
1438,inventory,62
1439,25k,62
1440,lose,62
1441,feet,62
1442,software,62
1443,tank,62
1444,results,62
1445,equal,62
1446,hours,62
1447,season,62
1448,direct,62
1449,dropped,62
1450,hardly,62
1451,sick,62
1452,details,61
1453,n2016,61
1454,image,61
1455,frankly,61
1456,clean,61
1457,basis,61
1458,liter,61
1459,stupid,61
1460,fire,61
1461,covered,61
1462,luxurious,61
1463,curious,61
1464,previously,61
1465,highest,61
1466,99,61
1467,cramped,61
1468,sweet,61
1469,purpose,60
1470,bang,60
1471,27,60
1472,match,60
1473,tdi,60
1474,forgot,60
1475,various,60
1476,volume,60
1477,eventually,60
1478,mainstream,60
1479,3rd,60
1480,3k,60
1481,beautiful,60
1482,increased,60
1483,proof,60
1484,tuned,60
1485,honestly,60
1486,toward,60
1487,towards,60
1488,benefit,60
1489,paper,60
1490,upper,60
1491,blind,60
1492,impossible,60
1493,aprilia,60
1494,specs,60
1495,eyes,60
1496,horrible,59
1497,stereo,59
1498,gon,59
1499,demand,59
1500,rep,59
1501,rare,59
1502,upgraded,59
1503,differential,59
1504,complete,59
1505,corporate,59
1506,appeal,59
1507,tough,59
1508,gears,59
1509,eye,59
1510,via,59
1511,department,59
1512,page,59
1513,lucky,59
1514,nmark,59
1515,competitors,59
1516,tastes,58
1517,6r,58
1518,round,58
1519,impression,58
1520,missing,58
1521,competitor,58
1522,perfectly,58
1523,prior,58
1524,k,58
1525,direction,58
1526,finding,58
1527,adding,58
1528,south,58
1529,moment,58
1530,roll,58
1531,allowed,58
1532,hour,58
1533,graphic,58
1534,pads,58
1535,apply,58
1536,ground,58
1537,result,58
1538,hundred,58
1539,crazy,58
1540,dark,58
1541,leader,58
1542,hood,58
1543,rid,58
1544,san,58
1545,college,57
1546,risk,57
1547,x99s,57
1548,38,57
1549,competitive,57
1550,station,57
1551,failure,57
1552,unlike,57
1553,hatch,57
1554,lineup,57
1555,drivetrain,57
1556,beauty,57
1557,sharp,57
1558,race,57
1559,self,57
1560,shifting,57
1561,automobile,57
1562,conversation,57
1563,meaning,57
1564,capable,57
1565,living,57
1566,travel,57
1567,stuck,57
1568,industry,57
1569,apart,57
1570,sub,57
1571,steer,57
1572,noted,57
1573,nagain,56
1574,entirely,56
1575,33,56
1576,lights,56
1577,ad,56
1578,prove,56
1579,received,56
1580,combined,56
1581,cause,56
1582,gasoline,56
1583,guessing,56
1584,audio,56
1585,de,56
1586,perception,56
1587,follow,56
1588,picked,56
1589,claims,56
1590,ultimate,56
1591,peugeot,56
1592,21,56
1593,q,56
1594,turning,56
1595,areas,55
1596,winner,55
1597,alfa,55
1598,electronics,55
1599,buys,55
1600,sti,55
1601,sign,55
1602,er,55
1603,walk,55
1604,invoice,55
1605,chose,55
1606,account,55
1607,morning,55
1608,dct,55
1609,favor,55
1610,fail,55
1611,tv,55
1612,truth,55
1613,weighs,55
1614,removed,55
1615,boat,55
1616,tells,55
1617,rated,55
1618,separate,54
1619,quarter,54
1620,wondering,54
1621,lacks,54
1622,92,54
1623,update,54
1624,max,54
1625,trust,54
1626,yr,54
1627,status,54
1628,allows,54
1629,neven,54
1630,learned,54
1631,train,54
1632,overpriced,54
1633,route,54
1634,phone,54
1635,onto,54
1636,became,54
1637,backup,54
1638,nsome,54
1639,4ws,53
1640,700,53
1641,mix,53
1642,4t,53
1643,all4,53
1644,consideration,53
1645,pedal,53
1646,enjoyed,53
1647,beginning,53
1648,reduction,53
1649,pounds,53
1650,leg,53
1651,adaptive,53
1652,bluetooth,53
1653,78,53
1654,rubber,53
1655,spd,53
1656,roughly,53
1657,butt,53
1658,decades,53
1659,agreed,53
1660,similarly,53
1661,tag,53
1662,financing,53
1663,nwith,53
1664,net,53
1665,cares,53
1666,rented,53
1667,535,53
1668,sweeny,53
1669,blush,53
1670,multiple,52
1671,26,52
1672,headlights,52
1673,lane,52
1674,tiny,52
1675,financial,52
1676,lag,52
1677,120,52
1678,minor,52
1679,management,52
1680,damage,52
1681,nlet,52
1682,unit,52
1683,saving,52
1684,nlexus,52
1685,immediately,52
1686,wont,52
1687,attempt,52
1688,e30,52
1689,avoid,52
1690,necessary,52
1691,deep,52
1692,90s,52
1693,oem,52
1694,radar,52
1695,telling,52
1696,performs,51
1697,earlier,51
1698,ny,51
1699,posting,51
1700,ndon,51
1701,target,51
1702,550,51
1703,switch,51
1704,create,51
1705,voice,51
1706,mt,51
1707,percentage,51
1708,phoenix,51
1709,learn,51
1710,crap,51
1711,rotors,51
1712,government,51
1713,specific,51
1714,playing,51
1715,lived,51
1716,sister,51
1717,rates,51
1718,wonderful,50
1719,engineers,50
1720,rating,50
1721,optional,50
1722,cabin,50
1723,comparisons,50
1724,harsh,50
1725,upcoming,50
1726,decade,50
1727,nose,50
1728,aside,50
1729,motors,50
1730,experienced,50
1731,84,50
1732,services,50
1733,examples,50
1734,carry,50
1735,amg,50
1736,1500,50
1737,pocket,50
1738,particularly,50
1739,reach,50
1740,frequent,50
1741,warning,50
1742,nthen,50
1743,nhe,50
1744,prob,50
1745,windows,50
1746,bill,50
1747,ninfiniti,50
1748,inline,50
1749,powered,50
1750,preference,50
1751,web,49
1752,daughter,49
1753,usual,49
1754,testing,49
1755,places,49
1756,pleasure,49
1757,member,49
1758,colors,49
1759,wheelbase,49
1760,helped,49
1761,proper,49
1762,coupes,49
1763,88,49
1764,rock,49
1765,followed,49
1766,criteria,49
1767,chip,49
1768,aggressive,49
1769,22,49
1770,intended,49
1771,explain,49
1772,automatics,49
1773,greater,49
1774,vectoring,49
1775,specifically,49
1776,articles,49
1777,accident,49
1778,desire,49
1779,traction,49
1780,mo,49
1781,boy,48
1782,visit,48
1783,pressure,48
1784,pushed,48
1785,hurt,48
1786,taxes,48
1787,improvement,48
1788,characteristics,48
1789,involved,48
1790,co,48
1791,anybody,48
1792,opposite,48
1793,pushing,48
1794,exception,48
1795,msd,48
1796,bank,48
1797,harder,48
1798,gap,48
1799,dynamic,48
1800,spring,48
1801,ncadillac,48
1802,midsize,48
1803,tlong,48
1804,select,48
1805,sized,48
1806,safe,48
1807,diego,48
1808,2k,48
1809,billy,48
1810,reputation,47
1811,6k,47
1812,loan,47
1813,31,47
1814,subject,47
1815,inches,47
1816,jump,47
1817,turbos,47
1818,individual,47
1819,braking,47
1820,saturday,47
1821,37k,47
1822,thats,47
1823,firm,47
1824,law,47
1825,cant,47
1826,bucks,47
1827,cap,47
1828,income,47
1829,failed,47
1830,330cic,47
1831,aftermarket,47
1832,mistake,47
1833,markets,47
1834,names,47
1835,ran,47
1836,effect,47
1837,offerings,47
1838,remain,47
1839,poster,47
1840,t6,47
1841,ridiculous,47
1842,depends,47
1843,ac,46
1844,2500,46
1845,rick,46
1846,awhile,46
1847,3er,46
1848,900s,46
1849,feedback,46
1850,younger,46
1851,attention,46
1852,e36,46
1853,trucks,46
1854,degree,46
1855,values,46
1856,video,46
1857,softer,46
1858,force,46
1859,isnt,46
1860,hondas,46
1861,corners,46
1862,accurate,46
1863,showing,46
1864,04,46
1865,equivalent,46
1866,upscale,46
1867,shipo,46
1868,pics,45
1869,ninteresting,45
1870,combination,45
1871,replacing,45
1872,versus,45
1873,familiar,45
1874,sad,45
1875,48,45
1876,complain,45
1877,button,45
1878,sensors,45
1879,la,45
1880,whereas,45
1881,nperhaps,45
1882,mass,45
1883,passed,45
1884,crash,45
1885,appear,45
1886,ncan,45
1887,146,45
1888,fed,45
1889,ngood,44
1890,55,44
1891,rides,44
1892,34,44
1893,useful,44
1894,caranddriver,44
1895,fits,44
1896,effort,44
1897,scirocco,44
1898,ta,44
1899,evidence,44
1900,savings,44
1901,terrible,44
1902,nfn,44
1903,advice,44
1904,metal,44
1905,optioned,44
1906,congrats,44
1907,calling,44
1908,ads,44
1909,8k,44
1910,shifts,44
1911,priorities,44
1912,rent,44
1913,fill,44
1914,infinitis,44
1915,brother,44
1916,discussed,44
1917,silly,44
1918,memory,43
1919,green,43
1920,fold,43
1921,introduced,43
1922,03,43
1923,recommend,43
1924,f10,43
1925,met,43
1926,online,43
1927,4cyl,43
1928,friday,43
1929,ferrari,43
1930,spoke,43
1931,tls,43
1932,forced,43
1933,crowd,43
1934,controls,43
1935,hence,43
1936,expense,43
1937,refinement,43
1938,awesome,43
1939,parents,43
1940,internet,43
1941,durable,43
1942,pure,43
1943,blown,43
1944,becomes,43
1945,improve,43
1946,settle,43
1947,grill,43
1948,player,42
1949,stores,42
1950,released,42
1951,cdnpinhead,42
1952,properly,42
1953,dinan,42
1954,counter,42
1955,negative,42
1956,negotiate,42
1957,nlike,42
1958,plain,42
1959,wanting,42
1960,hits,42
1961,fault,42
1962,logic,42
1963,act,42
1964,fans,42
1965,diff,42
1966,pressed,42
1967,debate,42
1968,initial,41
1969,million,41
1970,anti,41
1971,approach,41
1972,trick,41
1973,display,41
1974,cutting,41
1975,slight,41
1976,driveway,41
1977,necessarily,41
1978,pictures,41
1979,12k,41
1980,europeans,41
1981,produce,41
1982,definition,41
1983,discounted,41
1984,charged,41
1985,differently,41
1986,cafe,41
1987,caught,41
1988,shot,41
1989,barely,41
1990,battery,41
1991,final,41
1992,becoming,41
1993,factors,41
1994,pkg,41
1995,trading,40
1996,39,40
1997,gc,40
1998,minute,40
1999,shown,40
